solid unnamed
facet normal 0 0 -1
    outer loop
        vertex 14.430179 -1.4212486 0
        vertex 14.5 -0 0
        vertex 14.482534 -0.7114813 0
    endloop
endfacet
facet normal 0 0 -1
    outer loop
        vertex 14.34306 -2.127592 0
        vertex 14.5 -0 0
        vertex 14.430179 -1.4212486 0
    endloop
endfacet
facet normal 0 0 -1
    outer loop
        vertex 14.221387 -2.8288097 0
        vertex 14.5 -0 0
        vertex 14.34306 -2.127592 0
    endloop
endfacet
facet normal 0 0 -0.99999994
    outer loop
        vertex 14.065453 -3.5232127 0
        vertex 14.5 -0 0
        vertex 14.221387 -2.8288097 0
    endloop
endfacet
facet normal 0 0 -1
    outer loop
        vertex 13.875634 -4.209128 0
        vertex 14.5 -0 0
        vertex 14.065453 -3.5232127 0
    endloop
endfacet
facet normal 0 0 -1
    outer loop
        vertex 13.652389 -4.884903 0
        vertex 14.5 -0 0
        vertex 13.875634 -4.209128 0
    endloop
endfacet
facet normal 0 0 -1
    outer loop
        vertex 13.396253 -5.5489097 0
        vertex 14.5 -0 0
        vertex 13.652389 -4.884903 0
    endloop
endfacet
facet normal 0 0 -1
    outer loop
        vertex 13.107844 -6.1995487 0
        vertex 14.5 -0 0
        vertex 13.396253 -5.5489097 0
    endloop
endfacet
facet normal 0 0 -1
    outer loop
        vertex 12.787858 -6.8352523 0
        vertex 14.5 -0 0
        vertex 13.107844 -6.1995487 0
    endloop
endfacet
facet normal 0 0 -1
    outer loop
        vertex 12.437065 -7.4544897 0
        vertex 14.5 -0 0
        vertex 12.787858 -6.8352523 0
    endloop
endfacet
facet normal 0 0 -1
    outer loop
        vertex 12.05631 -8.055768 0
        vertex 14.5 -0 0
        vertex 12.437065 -7.4544897 0
    endloop
endfacet
facet normal 0 0 -1
    outer loop
        vertex 11.646509 -8.63764 0
        vertex 14.5 -0 0
        vertex 12.05631 -8.055768 0
    endloop
endfacet
facet normal 0 0 -1
    outer loop
        vertex 11.208652 -9.198703 0
        vertex 14.5 -0 0
        vertex 11.646509 -8.63764 0
    endloop
endfacet
facet normal 0 0 -1
    outer loop
        vertex 10.743792 -9.737605 0
        vertex 14.5 -0 0
        vertex 11.208652 -9.198703 0
    endloop
endfacet
facet normal 0 0 -0.99999994
    outer loop
        vertex 10.253049 -10.253049 0
        vertex 14.5 -0 0
        vertex 10.743792 -9.737605 0
    endloop
endfacet
facet normal 0 0 -1
    outer loop
        vertex 9.737605 -10.743792 0
        vertex 14.5 -0 0
        vertex 10.253049 -10.253049 0
    endloop
endfacet
facet normal 0 0 -1
    outer loop
        vertex 9.198703 -11.208652 0
        vertex 14.5 -0 0
        vertex 9.737605 -10.743792 0
    endloop
endfacet
facet normal 0 0 -0.99999994
    outer loop
        vertex 8.63764 -11.646509 0
        vertex 14.5 -0 0
        vertex 9.198703 -11.208652 0
    endloop
endfacet
facet normal 0 0 -1
    outer loop
        vertex 8.055768 -12.05631 0
        vertex 14.5 -0 0
        vertex 8.63764 -11.646509 0
    endloop
endfacet
facet normal 0 0 -1
    outer loop
        vertex 7.4544897 -12.437065 0
        vertex 14.5 -0 0
        vertex 8.055768 -12.05631 0
    endloop
endfacet
facet normal 0 0 -1
    outer loop
        vertex 6.8352523 -12.787858 0
        vertex 14.5 -0 0
        vertex 7.4544897 -12.437065 0
    endloop
endfacet
facet normal 0 0 -1
    outer loop
        vertex 6.1995487 -13.107844 0
        vertex 14.5 -0 0
        vertex 6.8352523 -12.787858 0
    endloop
endfacet
facet normal 0 0 -0.99999994
    outer loop
        vertex 5.5489097 -13.396253 0
        vertex 14.5 -0 0
        vertex 6.1995487 -13.107844 0
    endloop
endfacet
facet normal -0 0 -1
    outer loop
        vertex 4.884903 -13.652389 0
        vertex 4.209128 -13.875634 0
        vertex 14.5 -0 0
    endloop
endfacet
facet normal 0 0 -1
    outer loop
        vertex 4.884903 -13.652389 0
        vertex 14.5 -0 0
        vertex 5.5489097 -13.396253 0
    endloop
endfacet
facet normal -0 0 -1
    outer loop
        vertex 4.209128 -13.875634 0
        vertex 3.5232127 -14.065453 0
        vertex 14.5 -0 0
    endloop
endfacet
facet normal -0 0 -1
    outer loop
        vertex 3.5232127 -14.065453 0
        vertex 2.8288097 -14.221387 0
        vertex 14.5 -0 0
    endloop
endfacet
facet normal -0 0 -1
    outer loop
        vertex 2.8288097 -14.221387 0
        vertex 2.127592 -14.34306 0
        vertex 14.5 -0 0
    endloop
endfacet
facet normal -0 0 -1
    outer loop
        vertex 2.127592 -14.34306 0
        vertex 1.4212486 -14.430179 0
        vertex 14.5 -0 0
    endloop
endfacet
facet normal -0 0 -1
    outer loop
        vertex 1.4212486 -14.430179 0
        vertex 0.7114813 -14.482534 0
        vertex 14.5 -0 0
    endloop
endfacet
facet normal -0 0 -1
    outer loop
        vertex 0.7114813 -14.482534 0
        vertex 0.0000000000000008878689 -14.5 0
        vertex 14.5 -0 0
    endloop
endfacet
facet normal 0 0 -1
    outer loop
        vertex 0.0000000000000008878689 -14.5 0
        vertex -0.7114813 -14.482534 0
        vertex 14.5 -0 0
    endloop
endfacet
facet normal 0 0 -1
    outer loop
        vertex -0.7114813 -14.482534 0
        vertex -1.4212486 -14.430179 0
        vertex 14.5 -0 0
    endloop
endfacet
facet normal 0 0 -1
    outer loop
        vertex -1.4212486 -14.430179 0
        vertex -2.127592 -14.34306 0
        vertex 14.5 -0 0
    endloop
endfacet
facet normal 0 0 -1
    outer loop
        vertex 14.5 -0 0
        vertex -2.127592 -14.34306 0
        vertex -2.8288097 -14.221387 0
    endloop
endfacet
facet normal 0 0 -1
    outer loop
        vertex 14.5 -0 0
        vertex -2.8288097 -14.221387 0
        vertex -3.5232127 -14.065453 0
    endloop
endfacet
facet normal 0 0 -1
    outer loop
        vertex 14.5 -0 0
        vertex -3.5232127 -14.065453 0
        vertex -4.209128 -13.875634 0
    endloop
endfacet
facet normal 0 0 -1
    outer loop
        vertex 14.5 -0 0
        vertex -4.209128 -13.875634 0
        vertex -4.884903 -13.652389 0
    endloop
endfacet
facet normal 0 0 -1
    outer loop
        vertex 14.5 -0 0
        vertex -4.884903 -13.652389 0
        vertex -5.5489097 -13.396253 0
    endloop
endfacet
facet normal 0 0 -1
    outer loop
        vertex 14.5 -0 0
        vertex -5.5489097 -13.396253 0
        vertex -6.1995487 -13.107844 0
    endloop
endfacet
facet normal 0 0 -0.99999994
    outer loop
        vertex 14.5 -0 0
        vertex -6.1995487 -13.107844 0
        vertex -6.8352523 -12.787858 0
    endloop
endfacet
facet normal 0 0 -1
    outer loop
        vertex 14.5 -0 0
        vertex -6.8352523 -12.787858 0
        vertex -7.4544897 -12.437065 0
    endloop
endfacet
facet normal 0 0 -1
    outer loop
        vertex 14.5 -0 0
        vertex -7.4544897 -12.437065 0
        vertex -8.055768 -12.05631 0
    endloop
endfacet
facet normal 0 0 -1
    outer loop
        vertex 14.5 -0 0
        vertex -8.055768 -12.05631 0
        vertex -8.63764 -11.646509 0
    endloop
endfacet
facet normal 0 0 -1
    outer loop
        vertex 14.5 -0 0
        vertex -8.63764 -11.646509 0
        vertex -9.198703 -11.208652 0
    endloop
endfacet
facet normal 0 0 -1
    outer loop
        vertex 14.5 -0 0
        vertex -9.198703 -11.208652 0
        vertex -9.737605 -10.743792 0
    endloop
endfacet
facet normal 0 0 -1
    outer loop
        vertex 14.5 -0 0
        vertex -9.737605 -10.743792 0
        vertex -10.253049 -10.253049 0
    endloop
endfacet
facet normal 0 0 -1
    outer loop
        vertex 14.5 -0 0
        vertex -10.253049 -10.253049 0
        vertex -10.743792 -9.737605 0
    endloop
endfacet
facet normal 0 0 -1
    outer loop
        vertex 14.5 -0 0
        vertex -10.743792 -9.737605 0
        vertex -11.208652 -9.198703 0
    endloop
endfacet
facet normal 0 0 -1
    outer loop
        vertex 14.5 -0 0
        vertex -11.208652 -9.198703 0
        vertex -11.646509 -8.63764 0
    endloop
endfacet
facet normal 0 0 -1
    outer loop
        vertex 14.5 -0 0
        vertex -11.646509 -8.63764 0
        vertex -12.05631 -8.055768 0
    endloop
endfacet
facet normal 0 0 -1
    outer loop
        vertex 14.5 -0 0
        vertex -12.05631 -8.055768 0
        vertex -12.437065 -7.4544897 0
    endloop
endfacet
facet normal 0 0 -1
    outer loop
        vertex -13.107844 -6.1995487 0
        vertex 14.5 -0 0
        vertex -12.787858 -6.8352523 0
    endloop
endfacet
facet normal 0 0 -1
    outer loop
        vertex 14.5 -0 0
        vertex -12.437065 -7.4544897 0
        vertex -12.787858 -6.8352523 0
    endloop
endfacet
facet normal 0 0 -1
    outer loop
        vertex -13.396253 -5.5489097 0
        vertex 14.5 -0 0
        vertex -13.107844 -6.1995487 0
    endloop
endfacet
facet normal 0 0 -1
    outer loop
        vertex -13.652389 -4.884903 0
        vertex 14.5 -0 0
        vertex -13.396253 -5.5489097 0
    endloop
endfacet
facet normal 0 0 -1
    outer loop
        vertex -13.875634 -4.209128 0
        vertex 14.5 -0 0
        vertex -13.652389 -4.884903 0
    endloop
endfacet
facet normal 0 0 -1
    outer loop
        vertex -14.065453 -3.5232127 0
        vertex 14.5 -0 0
        vertex -13.875634 -4.209128 0
    endloop
endfacet
facet normal 0 0 -1
    outer loop
        vertex -14.221387 -2.8288097 0
        vertex 14.5 -0 0
        vertex -14.065453 -3.5232127 0
    endloop
endfacet
facet normal 0 0 -1
    outer loop
        vertex -14.34306 -2.127592 0
        vertex 14.5 -0 0
        vertex -14.221387 -2.8288097 0
    endloop
endfacet
facet normal 0 0 -1
    outer loop
        vertex -14.430179 -1.4212486 0
        vertex 14.5 -0 0
        vertex -14.34306 -2.127592 0
    endloop
endfacet
facet normal 0 0 -1
    outer loop
        vertex -14.482534 -0.7114813 0
        vertex -14.5 -0.0000000000000017757378 0
        vertex 14.5 -0 0
    endloop
endfacet
facet normal 0 0 -1
    outer loop
        vertex -14.5 -0.0000000000000017757378 0
        vertex -14.482534 0.7114813 0
        vertex 14.5 -0 0
    endloop
endfacet
facet normal 0 0 -1
    outer loop
        vertex -14.482534 0.7114813 0
        vertex -14.430179 1.4212486 0
        vertex 14.5 -0 0
    endloop
endfacet
facet normal 0 0 -1
    outer loop
        vertex -14.430179 1.4212486 0
        vertex -14.34306 2.127592 0
        vertex 14.5 -0 0
    endloop
endfacet
facet normal 0 0 -1
    outer loop
        vertex 14.5 -0 0
        vertex -14.34306 2.127592 0
        vertex -14.221387 2.8288097 0
    endloop
endfacet
facet normal 0 0 -1
    outer loop
        vertex 14.5 -0 0
        vertex -14.221387 2.8288097 0
        vertex -14.065453 3.5232127 0
    endloop
endfacet
facet normal 0 0 -1
    outer loop
        vertex 14.5 -0 0
        vertex -14.065453 3.5232127 0
        vertex -13.875634 4.209128 0
    endloop
endfacet
facet normal 0 0 -1
    outer loop
        vertex 14.5 -0 0
        vertex -13.875634 4.209128 0
        vertex -13.652389 4.884903 0
    endloop
endfacet
facet normal 0 0 -1
    outer loop
        vertex 14.5 -0 0
        vertex -13.652389 4.884903 0
        vertex -13.396253 5.5489097 0
    endloop
endfacet
facet normal 0 0 -1
    outer loop
        vertex 14.5 -0 0
        vertex -13.396253 5.5489097 0
        vertex -13.107844 6.1995487 0
    endloop
endfacet
facet normal 0 0 -1
    outer loop
        vertex 14.5 -0 0
        vertex -13.107844 6.1995487 0
        vertex -12.787858 6.8352523 0
    endloop
endfacet
facet normal 0 0 -1
    outer loop
        vertex 14.5 -0 0
        vertex -12.787858 6.8352523 0
        vertex -12.437065 7.4544897 0
    endloop
endfacet
facet normal 0 0 -1
    outer loop
        vertex 14.5 -0 0
        vertex -12.437065 7.4544897 0
        vertex -12.05631 8.055768 0
    endloop
endfacet
facet normal 0 0 -1
    outer loop
        vertex 14.5 -0 0
        vertex -12.05631 8.055768 0
        vertex -11.646509 8.63764 0
    endloop
endfacet
facet normal 0 0 -1
    outer loop
        vertex 14.5 -0 0
        vertex -11.646509 8.63764 0
        vertex -11.208652 9.198703 0
    endloop
endfacet
facet normal 0 0 -1
    outer loop
        vertex 14.5 -0 0
        vertex -11.208652 9.198703 0
        vertex -10.743792 9.737605 0
    endloop
endfacet
facet normal 0 0 -1
    outer loop
        vertex 14.5 -0 0
        vertex -10.743792 9.737605 0
        vertex -10.253049 10.253049 0
    endloop
endfacet
facet normal 0 0 -1
    outer loop
        vertex 14.5 -0 0
        vertex -10.253049 10.253049 0
        vertex -9.737605 10.743792 0
    endloop
endfacet
facet normal 0 0 -1
    outer loop
        vertex 14.5 -0 0
        vertex -9.737605 10.743792 0
        vertex -9.198703 11.208652 0
    endloop
endfacet
facet normal 0 0 -1
    outer loop
        vertex 14.5 -0 0
        vertex -9.198703 11.208652 0
        vertex -8.63764 11.646509 0
    endloop
endfacet
facet normal 0 0 -1
    outer loop
        vertex 14.5 -0 0
        vertex -8.63764 11.646509 0
        vertex -8.055768 12.05631 0
    endloop
endfacet
facet normal 0 0 -1
    outer loop
        vertex 14.5 -0 0
        vertex -8.055768 12.05631 0
        vertex -7.4544897 12.437065 0
    endloop
endfacet
facet normal 0 -0 -1
    outer loop
        vertex -6.1995487 13.107844 0
        vertex 14.5 -0 0
        vertex -6.8352523 12.787858 0
    endloop
endfacet
facet normal 0 0 -1
    outer loop
        vertex 14.5 -0 0
        vertex -7.4544897 12.437065 0
        vertex -6.8352523 12.787858 0
    endloop
endfacet
facet normal 0 -0 -1
    outer loop
        vertex -5.5489097 13.396253 0
        vertex 14.5 -0 0
        vertex -6.1995487 13.107844 0
    endloop
endfacet
facet normal 0 -0 -1
    outer loop
        vertex -4.884903 13.652389 0
        vertex 14.5 -0 0
        vertex -5.5489097 13.396253 0
    endloop
endfacet
facet normal 0 -0 -1
    outer loop
        vertex -4.209128 13.875634 0
        vertex 14.5 -0 0
        vertex -4.884903 13.652389 0
    endloop
endfacet
facet normal 0 -0 -1
    outer loop
        vertex -3.5232127 14.065453 0
        vertex 14.5 -0 0
        vertex -4.209128 13.875634 0
    endloop
endfacet
facet normal 0 -0 -1
    outer loop
        vertex -2.8288097 14.221387 0
        vertex 14.5 -0 0
        vertex -3.5232127 14.065453 0
    endloop
endfacet
facet normal 0 -0 -1
    outer loop
        vertex -2.127592 14.34306 0
        vertex 14.5 -0 0
        vertex -2.8288097 14.221387 0
    endloop
endfacet
facet normal 0 -0 -1
    outer loop
        vertex -1.4212486 14.430179 0
        vertex 14.5 -0 0
        vertex -2.127592 14.34306 0
    endloop
endfacet
facet normal 0 -0 -1
    outer loop
        vertex -0.7114813 14.482534 0
        vertex 14.5 -0 0
        vertex -1.4212486 14.430179 0
    endloop
endfacet
facet normal 0 -0 -1
    outer loop
        vertex -0.0000000000000026636067 14.5 0
        vertex 14.5 -0 0
        vertex -0.7114813 14.482534 0
    endloop
endfacet
facet normal -0 -0 -1
    outer loop
        vertex 0.7114813 14.482534 0
        vertex 14.5 -0 0
        vertex -0.0000000000000026636067 14.5 0
    endloop
endfacet
facet normal -0 -0 -1
    outer loop
        vertex 1.4212486 14.430179 0
        vertex 14.5 -0 0
        vertex 0.7114813 14.482534 0
    endloop
endfacet
facet normal 0 0 -1
    outer loop
        vertex 1.4212486 14.430179 0
        vertex 2.127592 14.34306 0
        vertex 14.5 -0 0
    endloop
endfacet
facet normal 0 0 -1
    outer loop
        vertex 2.127592 14.34306 0
        vertex 2.8288097 14.221387 0
        vertex 14.5 -0 0
    endloop
endfacet
facet normal 0 0 -1
    outer loop
        vertex 2.8288097 14.221387 0
        vertex 3.5232127 14.065453 0
        vertex 14.5 -0 0
    endloop
endfacet
facet normal 0 0 -1
    outer loop
        vertex 3.5232127 14.065453 0
        vertex 4.209128 13.875634 0
        vertex 14.5 -0 0
    endloop
endfacet
facet normal 0 0 -1
    outer loop
        vertex 4.209128 13.875634 0
        vertex 4.884903 13.652389 0
        vertex 14.5 -0 0
    endloop
endfacet
facet normal 0 0 -1
    outer loop
        vertex 4.884903 13.652389 0
        vertex 5.5489097 13.396253 0
        vertex 14.5 -0 0
    endloop
endfacet
facet normal 0 0 -0.99999994
    outer loop
        vertex 5.5489097 13.396253 0
        vertex 6.1995487 13.107844 0
        vertex 14.5 -0 0
    endloop
endfacet
facet normal 0 0 -1
    outer loop
        vertex 6.1995487 13.107844 0
        vertex 6.8352523 12.787858 0
        vertex 14.5 -0 0
    endloop
endfacet
facet normal 0 0 -1
    outer loop
        vertex 6.8352523 12.787858 0
        vertex 7.4544897 12.437065 0
        vertex 14.5 -0 0
    endloop
endfacet
facet normal 0 0 -1
    outer loop
        vertex 7.4544897 12.437065 0
        vertex 8.055768 12.05631 0
        vertex 14.5 -0 0
    endloop
endfacet
facet normal 0 0 -1
    outer loop
        vertex 8.055768 12.05631 0
        vertex 8.63764 11.646509 0
        vertex 14.5 -0 0
    endloop
endfacet
facet normal 0 0 -0.99999994
    outer loop
        vertex 8.63764 11.646509 0
        vertex 9.198703 11.208652 0
        vertex 14.5 -0 0
    endloop
endfacet
facet normal 0 0 -1
    outer loop
        vertex 9.198703 11.208652 0
        vertex 9.737605 10.743792 0
        vertex 14.5 -0 0
    endloop
endfacet
facet normal 0 0 -1
    outer loop
        vertex 9.737605 10.743792 0
        vertex 10.253049 10.253049 0
        vertex 14.5 -0 0
    endloop
endfacet
facet normal 0 0 -0.99999994
    outer loop
        vertex 10.253049 10.253049 0
        vertex 10.743792 9.737605 0
        vertex 14.5 -0 0
    endloop
endfacet
facet normal 0 0 -1
    outer loop
        vertex 10.743792 9.737605 0
        vertex 11.208652 9.198703 0
        vertex 14.5 -0 0
    endloop
endfacet
facet normal 0 0 -1
    outer loop
        vertex 11.208652 9.198703 0
        vertex 11.646509 8.63764 0
        vertex 14.5 -0 0
    endloop
endfacet
facet normal 0 0 -1
    outer loop
        vertex 11.646509 8.63764 0
        vertex 12.05631 8.055768 0
        vertex 14.5 -0 0
    endloop
endfacet
facet normal 0 0 -1
    outer loop
        vertex 14.5 -0 0
        vertex 12.437065 7.4544897 0
        vertex 12.787858 6.8352523 0
    endloop
endfacet
facet normal 0 0 -1
    outer loop
        vertex 12.05631 8.055768 0
        vertex 12.437065 7.4544897 0
        vertex 14.5 -0 0
    endloop
endfacet
facet normal 0 0 -1
    outer loop
        vertex 14.5 -0 0
        vertex 12.787858 6.8352523 0
        vertex 13.107844 6.1995487 0
    endloop
endfacet
facet normal 0 0 -1
    outer loop
        vertex 14.5 -0 0
        vertex 13.107844 6.1995487 0
        vertex 13.396253 5.5489097 0
    endloop
endfacet
facet normal 0 0 -1
    outer loop
        vertex 14.5 -0 0
        vertex 13.396253 5.5489097 0
        vertex 13.652389 4.884903 0
    endloop
endfacet
facet normal 0 0 -1
    outer loop
        vertex 14.5 -0 0
        vertex 13.652389 4.884903 0
        vertex 13.875634 4.209128 0
    endloop
endfacet
facet normal 0 0 -1
    outer loop
        vertex 14.5 -0 0
        vertex 13.875634 4.209128 0
        vertex 14.065453 3.5232127 0
    endloop
endfacet
facet normal 0 0 -0.99999994
    outer loop
        vertex 14.5 -0 0
        vertex 14.065453 3.5232127 0
        vertex 14.221387 2.8288097 0
    endloop
endfacet
facet normal 0 0 -1
    outer loop
        vertex 14.5 -0 0
        vertex 14.221387 2.8288097 0
        vertex 14.34306 2.127592 0
    endloop
endfacet
facet normal 0 0 -1
    outer loop
        vertex 14.5 -0 0
        vertex 14.34306 2.127592 0
        vertex 14.430179 1.4212486 0
    endloop
endfacet
facet normal 0 0 -1
    outer loop
        vertex 14.5 -0 0
        vertex 14.430179 1.4212486 0
        vertex 14.482534 0.7114813 0
    endloop
endfacet
facet normal 0 0 -1
    outer loop
        vertex -14.482534 -0.7114813 0
        vertex 14.5 -0 0
        vertex -14.430179 -1.4212486 0
    endloop
endfacet
facet normal 0 0 1
    outer loop
        vertex 11.494383 -1.1320981 5
        vertex 11.536088 -0.56673163 5
        vertex 11.55 -0 5
    endloop
endfacet
facet normal 0 0 1
    outer loop
        vertex 11.424989 -1.694737 5
        vertex 11.494383 -1.1320981 5
        vertex 11.55 -0 5
    endloop
endfacet
facet normal 0 0 1
    outer loop
        vertex 11.328071 -2.2532933 5
        vertex 11.424989 -1.694737 5
        vertex 11.55 -0 5
    endloop
endfacet
facet normal 0 0 1
    outer loop
        vertex 11.203861 -2.806421 5
        vertex 11.328071 -2.2532933 5
        vertex 11.55 -0 5
    endloop
endfacet
facet normal 0 0 1
    outer loop
        vertex 11.052661 -3.352788 5
        vertex 11.203861 -2.806421 5
        vertex 11.55 -0 5
    endloop
endfacet
facet normal 0 0 1
    outer loop
        vertex 10.874834 -3.8910778 5
        vertex 11.052661 -3.352788 5
        vertex 11.55 -0 5
    endloop
endfacet
facet normal 0 0 1
    outer loop
        vertex 10.670808 -4.4199934 5
        vertex 10.874834 -3.8910778 5
        vertex 11.55 -0 5
    endloop
endfacet
facet normal 0 0 1
    outer loop
        vertex 10.441076 -4.938261 5
        vertex 10.670808 -4.4199934 5
        vertex 11.55 -0 5
    endloop
endfacet
facet normal 0 0 1
    outer loop
        vertex 10.186191 -5.4446325 5
        vertex 10.441076 -4.938261 5
        vertex 11.55 -0 5
    endloop
endfacet
facet normal 0 0 0.99999994
    outer loop
        vertex 9.906765 -5.9378867 5
        vertex 10.186191 -5.4446325 5
        vertex 11.55 -0 5
    endloop
endfacet
facet normal 0 0 1
    outer loop
        vertex 9.603475 -6.4168363 5
        vertex 9.906765 -5.9378867 5
        vertex 11.55 -0 5
    endloop
endfacet
facet normal 0 0 1
    outer loop
        vertex 9.277046 -6.880327 5
        vertex 9.603475 -6.4168363 5
        vertex 11.55 -0 5
    endloop
endfacet
facet normal 0 0 0.99999994
    outer loop
        vertex 8.928271 -7.3272424 5
        vertex 9.277046 -6.880327 5
        vertex 11.55 -0 5
    endloop
endfacet
facet normal 0 0 1
    outer loop
        vertex 8.557985 -7.756506 5
        vertex 8.928271 -7.3272424 5
        vertex 11.55 -0 5
    endloop
endfacet
facet normal 0 0 1
    outer loop
        vertex 8.167084 -8.167084 5
        vertex 8.557985 -7.756506 5
        vertex 11.55 -0 5
    endloop
endfacet
facet normal 0 0 1
    outer loop
        vertex 7.756506 -8.557985 5
        vertex 8.167084 -8.167084 5
        vertex 11.55 -0 5
    endloop
endfacet
facet normal 0 0 1
    outer loop
        vertex 7.3272424 -8.928271 5
        vertex 7.756506 -8.557985 5
        vertex 11.55 -0 5
    endloop
endfacet
facet normal 0 0 0.99999994
    outer loop
        vertex 6.880327 -9.277046 5
        vertex 7.3272424 -8.928271 5
        vertex 11.55 -0 5
    endloop
endfacet
facet normal 0 0 1
    outer loop
        vertex 6.4168363 -9.603475 5
        vertex 6.880327 -9.277046 5
        vertex 11.55 -0 5
    endloop
endfacet
facet normal 0 0 1
    outer loop
        vertex 5.9378867 -9.906765 5
        vertex 6.4168363 -9.603475 5
        vertex 11.55 -0 5
    endloop
endfacet
facet normal 0 0 1
    outer loop
        vertex 5.4446325 -10.186191 5
        vertex 5.9378867 -9.906765 5
        vertex 11.55 -0 5
    endloop
endfacet
facet normal 0 0 0.99999994
    outer loop
        vertex 4.938261 -10.441076 5
        vertex 5.4446325 -10.186191 5
        vertex 11.55 -0 5
    endloop
endfacet
facet normal 0 0 1
    outer loop
        vertex 4.4199934 -10.670808 5
        vertex 4.938261 -10.441076 5
        vertex 11.55 -0 5
    endloop
endfacet
facet normal 0 -0 0.99999994
    outer loop
        vertex 3.8910778 -10.874834 5
        vertex 11.55 -0 5
        vertex 3.352788 -11.052661 5
    endloop
endfacet
facet normal 0 0 1
    outer loop
        vertex 3.8910778 -10.874834 5
        vertex 4.4199934 -10.670808 5
        vertex 11.55 -0 5
    endloop
endfacet
facet normal 0 -0 1
    outer loop
        vertex 3.352788 -11.052661 5
        vertex 11.55 -0 5
        vertex 2.806421 -11.203861 5
    endloop
endfacet
facet normal 0 -0 1
    outer loop
        vertex 2.806421 -11.203861 5
        vertex 11.55 -0 5
        vertex 2.2532933 -11.328071 5
    endloop
endfacet
facet normal 0 -0 0.99999994
    outer loop
        vertex 2.2532933 -11.328071 5
        vertex 11.55 -0 5
        vertex 1.694737 -11.424989 5
    endloop
endfacet
facet normal 0 -0 1
    outer loop
        vertex 1.694737 -11.424989 5
        vertex 11.55 -0 5
        vertex 1.1320981 -11.494383 5
    endloop
endfacet
facet normal 0 -0 1
    outer loop
        vertex 1.1320981 -11.494383 5
        vertex 11.55 -0 5
        vertex 0.56673163 -11.536088 5
    endloop
endfacet
facet normal 0 -0 0.99999994
    outer loop
        vertex 0.56673163 -11.536088 5
        vertex 11.55 -0 5
        vertex -0.0000000000000021217004 -11.55 5
    endloop
endfacet
facet normal 0 -0 1
    outer loop
        vertex -0.0000000000000021217004 -11.55 5
        vertex 11.55 -0 5
        vertex -0.56673163 -11.536088 5
    endloop
endfacet
facet normal 0 -0 1
    outer loop
        vertex -0.56673163 -11.536088 5
        vertex 11.55 -0 5
        vertex -1.1320981 -11.494383 5
    endloop
endfacet
facet normal 0 -0 1
    outer loop
        vertex -1.1320981 -11.494383 5
        vertex 11.55 -0 5
        vertex -1.694737 -11.424989 5
    endloop
endfacet
facet normal 0 0 1
    outer loop
        vertex 11.55 -0 5
        vertex -2.2532933 -11.328071 5
        vertex -1.694737 -11.424989 5
    endloop
endfacet
facet normal 0 0 1
    outer loop
        vertex 11.55 -0 5
        vertex -2.806421 -11.203861 5
        vertex -2.2532933 -11.328071 5
    endloop
endfacet
facet normal 0 0 1
    outer loop
        vertex 11.55 -0 5
        vertex -3.352788 -11.052661 5
        vertex -2.806421 -11.203861 5
    endloop
endfacet
facet normal 0 0 1
    outer loop
        vertex 11.55 -0 5
        vertex -3.8910778 -10.874834 5
        vertex -3.352788 -11.052661 5
    endloop
endfacet
facet normal 0 0 1
    outer loop
        vertex 11.55 -0 5
        vertex -4.4199934 -10.670808 5
        vertex -3.8910778 -10.874834 5
    endloop
endfacet
facet normal 0 0 1
    outer loop
        vertex 11.55 -0 5
        vertex -4.938261 -10.441076 5
        vertex -4.4199934 -10.670808 5
    endloop
endfacet
facet normal 0 0 1
    outer loop
        vertex 11.55 -0 5
        vertex -5.4446325 -10.186191 5
        vertex -4.938261 -10.441076 5
    endloop
endfacet
facet normal 0 0 1
    outer loop
        vertex 11.55 -0 5
        vertex -5.9378867 -9.906765 5
        vertex -5.4446325 -10.186191 5
    endloop
endfacet
facet normal 0 0 1
    outer loop
        vertex 11.55 -0 5
        vertex -6.4168363 -9.603475 5
        vertex -5.9378867 -9.906765 5
    endloop
endfacet
facet normal 0 0 0.99999994
    outer loop
        vertex 11.55 -0 5
        vertex -6.880327 -9.277046 5
        vertex -6.4168363 -9.603475 5
    endloop
endfacet
facet normal 0 0 1
    outer loop
        vertex 11.55 -0 5
        vertex -7.3272424 -8.928271 5
        vertex -6.880327 -9.277046 5
    endloop
endfacet
facet normal 0 0 1
    outer loop
        vertex 11.55 -0 5
        vertex -7.756506 -8.557985 5
        vertex -7.3272424 -8.928271 5
    endloop
endfacet
facet normal 0 0 1
    outer loop
        vertex 11.55 -0 5
        vertex -8.167084 -8.167084 5
        vertex -7.756506 -8.557985 5
    endloop
endfacet
facet normal 0 0 1
    outer loop
        vertex 11.55 -0 5
        vertex -8.557985 -7.756506 5
        vertex -8.167084 -8.167084 5
    endloop
endfacet
facet normal 0 0 1
    outer loop
        vertex 11.55 -0 5
        vertex -8.928271 -7.3272424 5
        vertex -8.557985 -7.756506 5
    endloop
endfacet
facet normal 0 0 1
    outer loop
        vertex 11.55 -0 5
        vertex -9.277046 -6.880327 5
        vertex -8.928271 -7.3272424 5
    endloop
endfacet
facet normal 0 0 1
    outer loop
        vertex 11.55 -0 5
        vertex -9.603475 -6.4168363 5
        vertex -9.277046 -6.880327 5
    endloop
endfacet
facet normal 0 0 1
    outer loop
        vertex 11.55 -0 5
        vertex -9.906765 -5.9378867 5
        vertex -9.603475 -6.4168363 5
    endloop
endfacet
facet normal -0 0 1
    outer loop
        vertex -10.441076 -4.938261 5
        vertex -10.186191 -5.4446325 5
        vertex 11.55 -0 5
    endloop
endfacet
facet normal 0 0 1
    outer loop
        vertex 11.55 -0 5
        vertex -10.186191 -5.4446325 5
        vertex -9.906765 -5.9378867 5
    endloop
endfacet
facet normal -0 0 1
    outer loop
        vertex -10.670808 -4.4199934 5
        vertex -10.441076 -4.938261 5
        vertex 11.55 -0 5
    endloop
endfacet
facet normal -0 0 1
    outer loop
        vertex -10.874834 -3.8910778 5
        vertex -10.670808 -4.4199934 5
        vertex 11.55 -0 5
    endloop
endfacet
facet normal -0 0 1
    outer loop
        vertex -11.052661 -3.352788 5
        vertex -10.874834 -3.8910778 5
        vertex 11.55 -0 5
    endloop
endfacet
facet normal -0 0 1
    outer loop
        vertex -11.203861 -2.806421 5
        vertex -11.052661 -3.352788 5
        vertex 11.55 -0 5
    endloop
endfacet
facet normal -0 0 1
    outer loop
        vertex -11.328071 -2.2532933 5
        vertex -11.203861 -2.806421 5
        vertex 11.55 -0 5
    endloop
endfacet
facet normal -0 0 0.99999994
    outer loop
        vertex -11.424989 -1.694737 5
        vertex -11.328071 -2.2532933 5
        vertex 11.55 -0 5
    endloop
endfacet
facet normal -0 0 1
    outer loop
        vertex -11.494383 -1.1320981 5
        vertex -11.424989 -1.694737 5
        vertex 11.55 -0 5
    endloop
endfacet
facet normal 0 -0 1
    outer loop
        vertex -11.536088 -0.56673163 5
        vertex 11.55 -0 5
        vertex -11.55 0.0000000000000014144671 5
    endloop
endfacet
facet normal -0 0 0.99999994
    outer loop
        vertex -11.55 0.0000000000000014144671 5
        vertex 11.55 -0 5
        vertex -11.536088 0.56673163 5
    endloop
endfacet
facet normal -0 0 1
    outer loop
        vertex -11.536088 0.56673163 5
        vertex 11.55 -0 5
        vertex -11.494383 1.1320981 5
    endloop
endfacet
facet normal -0 0 1
    outer loop
        vertex -11.494383 1.1320981 5
        vertex 11.55 -0 5
        vertex -11.424989 1.694737 5
    endloop
endfacet
facet normal 0 0 1
    outer loop
        vertex 11.55 -0 5
        vertex -11.328071 2.2532933 5
        vertex -11.424989 1.694737 5
    endloop
endfacet
facet normal 0 0 1
    outer loop
        vertex 11.55 -0 5
        vertex -11.203861 2.806421 5
        vertex -11.328071 2.2532933 5
    endloop
endfacet
facet normal 0 0 1
    outer loop
        vertex 11.55 -0 5
        vertex -11.052661 3.352788 5
        vertex -11.203861 2.806421 5
    endloop
endfacet
facet normal 0 0 1
    outer loop
        vertex 11.55 -0 5
        vertex -10.874834 3.8910778 5
        vertex -11.052661 3.352788 5
    endloop
endfacet
facet normal 0 0 1
    outer loop
        vertex 11.55 -0 5
        vertex -10.670808 4.4199934 5
        vertex -10.874834 3.8910778 5
    endloop
endfacet
facet normal 0 0 1
    outer loop
        vertex 11.55 -0 5
        vertex -10.441076 4.938261 5
        vertex -10.670808 4.4199934 5
    endloop
endfacet
facet normal 0 0 0.99999994
    outer loop
        vertex 11.55 -0 5
        vertex -10.186191 5.4446325 5
        vertex -10.441076 4.938261 5
    endloop
endfacet
facet normal 0 0 1
    outer loop
        vertex 11.55 -0 5
        vertex -9.906765 5.9378867 5
        vertex -10.186191 5.4446325 5
    endloop
endfacet
facet normal 0 0 1
    outer loop
        vertex 11.55 -0 5
        vertex -9.603475 6.4168363 5
        vertex -9.906765 5.9378867 5
    endloop
endfacet
facet normal 0 0 1
    outer loop
        vertex 11.55 -0 5
        vertex -9.277046 6.880327 5
        vertex -9.603475 6.4168363 5
    endloop
endfacet
facet normal 0 0 1
    outer loop
        vertex 11.55 -0 5
        vertex -8.928271 7.3272424 5
        vertex -9.277046 6.880327 5
    endloop
endfacet
facet normal 0 0 1
    outer loop
        vertex 11.55 -0 5
        vertex -8.557985 7.756506 5
        vertex -8.928271 7.3272424 5
    endloop
endfacet
facet normal 0 0 1
    outer loop
        vertex 11.55 -0 5
        vertex -8.167084 8.167084 5
        vertex -8.557985 7.756506 5
    endloop
endfacet
facet normal 0 0 1
    outer loop
        vertex 11.55 -0 5
        vertex -7.756506 8.557985 5
        vertex -8.167084 8.167084 5
    endloop
endfacet
facet normal 0 0 1
    outer loop
        vertex 11.55 -0 5
        vertex -7.3272424 8.928271 5
        vertex -7.756506 8.557985 5
    endloop
endfacet
facet normal 0 0 1
    outer loop
        vertex 11.55 -0 5
        vertex -6.880327 9.277046 5
        vertex -7.3272424 8.928271 5
    endloop
endfacet
facet normal 0 0 0.99999994
    outer loop
        vertex 11.55 -0 5
        vertex -6.4168363 9.603475 5
        vertex -6.880327 9.277046 5
    endloop
endfacet
facet normal 0 0 1
    outer loop
        vertex 11.55 -0 5
        vertex -5.9378867 9.906765 5
        vertex -6.4168363 9.603475 5
    endloop
endfacet
facet normal 0 0 1
    outer loop
        vertex -4.938261 10.441076 5
        vertex -5.4446325 10.186191 5
        vertex 11.55 -0 5
    endloop
endfacet
facet normal 0 0 1
    outer loop
        vertex 11.55 -0 5
        vertex -5.4446325 10.186191 5
        vertex -5.9378867 9.906765 5
    endloop
endfacet
facet normal 0 0 1
    outer loop
        vertex -4.4199934 10.670808 5
        vertex -4.938261 10.441076 5
        vertex 11.55 -0 5
    endloop
endfacet
facet normal 0 0 1
    outer loop
        vertex -3.8910778 10.874834 5
        vertex -4.4199934 10.670808 5
        vertex 11.55 -0 5
    endloop
endfacet
facet normal 0 0 1
    outer loop
        vertex -3.352788 11.052661 5
        vertex -3.8910778 10.874834 5
        vertex 11.55 -0 5
    endloop
endfacet
facet normal 0 0 1
    outer loop
        vertex -2.806421 11.203861 5
        vertex -3.352788 11.052661 5
        vertex 11.55 -0 5
    endloop
endfacet
facet normal 0 0 1
    outer loop
        vertex -2.2532933 11.328071 5
        vertex -2.806421 11.203861 5
        vertex 11.55 -0 5
    endloop
endfacet
facet normal 0 0 1
    outer loop
        vertex -1.694737 11.424989 5
        vertex -2.2532933 11.328071 5
        vertex 11.55 -0 5
    endloop
endfacet
facet normal 0 0 1
    outer loop
        vertex -1.1320981 11.494383 5
        vertex -1.694737 11.424989 5
        vertex 11.55 -0 5
    endloop
endfacet
facet normal 0 0 1
    outer loop
        vertex -0.56673163 11.536088 5
        vertex -1.1320981 11.494383 5
        vertex 11.55 -0 5
    endloop
endfacet
facet normal 0 0 1
    outer loop
        vertex 0.00000000000000070723355 11.55 5
        vertex -0.56673163 11.536088 5
        vertex 11.55 -0 5
    endloop
endfacet
facet normal 0 0 0.99999994
    outer loop
        vertex 0.56673163 11.536088 5
        vertex 0.00000000000000070723355 11.55 5
        vertex 11.55 -0 5
    endloop
endfacet
facet normal 0 0 1
    outer loop
        vertex 1.1320981 11.494383 5
        vertex 0.56673163 11.536088 5
        vertex 11.55 -0 5
    endloop
endfacet
facet normal 0 0 1
    outer loop
        vertex 1.1320981 11.494383 5
        vertex 11.55 -0 5
        vertex 1.694737 11.424989 5
    endloop
endfacet
facet normal 0 0 0.99999994
    outer loop
        vertex 1.694737 11.424989 5
        vertex 11.55 -0 5
        vertex 2.2532933 11.328071 5
    endloop
endfacet
facet normal 0 0 1
    outer loop
        vertex 2.2532933 11.328071 5
        vertex 11.55 -0 5
        vertex 2.806421 11.203861 5
    endloop
endfacet
facet normal 0 0 1
    outer loop
        vertex 2.806421 11.203861 5
        vertex 11.55 -0 5
        vertex 3.352788 11.052661 5
    endloop
endfacet
facet normal 0 0 0.99999994
    outer loop
        vertex 3.352788 11.052661 5
        vertex 11.55 -0 5
        vertex 3.8910778 10.874834 5
    endloop
endfacet
facet normal 0 0 1
    outer loop
        vertex 3.8910778 10.874834 5
        vertex 11.55 -0 5
        vertex 4.4199934 10.670808 5
    endloop
endfacet
facet normal 0 0 1
    outer loop
        vertex 4.4199934 10.670808 5
        vertex 11.55 -0 5
        vertex 4.938261 10.441076 5
    endloop
endfacet
facet normal 0 0 0.99999994
    outer loop
        vertex 4.938261 10.441076 5
        vertex 11.55 -0 5
        vertex 5.4446325 10.186191 5
    endloop
endfacet
facet normal 0 0 1
    outer loop
        vertex 5.4446325 10.186191 5
        vertex 11.55 -0 5
        vertex 5.9378867 9.906765 5
    endloop
endfacet
facet normal 0 0 1
    outer loop
        vertex 5.9378867 9.906765 5
        vertex 11.55 -0 5
        vertex 6.4168363 9.603475 5
    endloop
endfacet
facet normal 0 0 1
    outer loop
        vertex 6.4168363 9.603475 5
        vertex 11.55 -0 5
        vertex 6.880327 9.277046 5
    endloop
endfacet
facet normal 0 0 0.99999994
    outer loop
        vertex 6.880327 9.277046 5
        vertex 11.55 -0 5
        vertex 7.3272424 8.928271 5
    endloop
endfacet
facet normal 0 0 1
    outer loop
        vertex 7.3272424 8.928271 5
        vertex 11.55 -0 5
        vertex 7.756506 8.557985 5
    endloop
endfacet
facet normal 0 0 1
    outer loop
        vertex 7.756506 8.557985 5
        vertex 11.55 -0 5
        vertex 8.167084 8.167084 5
    endloop
endfacet
facet normal 0 0 1
    outer loop
        vertex 8.167084 8.167084 5
        vertex 11.55 -0 5
        vertex 8.557985 7.756506 5
    endloop
endfacet
facet normal 0 0 1
    outer loop
        vertex 8.557985 7.756506 5
        vertex 11.55 -0 5
        vertex 8.928271 7.3272424 5
    endloop
endfacet
facet normal 0 0 0.99999994
    outer loop
        vertex 8.928271 7.3272424 5
        vertex 11.55 -0 5
        vertex 9.277046 6.880327 5
    endloop
endfacet
facet normal 0 0 1
    outer loop
        vertex 9.277046 6.880327 5
        vertex 11.55 -0 5
        vertex 9.603475 6.4168363 5
    endloop
endfacet
facet normal 0 0 1
    outer loop
        vertex 11.55 -0 5
        vertex 10.186191 5.4446325 5
        vertex 9.906765 5.9378867 5
    endloop
endfacet
facet normal 0 0 1
    outer loop
        vertex 9.603475 6.4168363 5
        vertex 11.55 -0 5
        vertex 9.906765 5.9378867 5
    endloop
endfacet
facet normal 0 0 1
    outer loop
        vertex 11.55 -0 5
        vertex 10.441076 4.938261 5
        vertex 10.186191 5.4446325 5
    endloop
endfacet
facet normal 0 0 1
    outer loop
        vertex 11.55 -0 5
        vertex 10.670808 4.4199934 5
        vertex 10.441076 4.938261 5
    endloop
endfacet
facet normal 0 0 1
    outer loop
        vertex 11.55 -0 5
        vertex 10.874834 3.8910778 5
        vertex 10.670808 4.4199934 5
    endloop
endfacet
facet normal 0 0 1
    outer loop
        vertex 11.55 -0 5
        vertex 11.052661 3.352788 5
        vertex 10.874834 3.8910778 5
    endloop
endfacet
facet normal 0 0 1
    outer loop
        vertex 11.55 -0 5
        vertex 11.203861 2.806421 5
        vertex 11.052661 3.352788 5
    endloop
endfacet
facet normal 0 0 1
    outer loop
        vertex 11.55 -0 5
        vertex 11.328071 2.2532933 5
        vertex 11.203861 2.806421 5
    endloop
endfacet
facet normal 0 0 1
    outer loop
        vertex 11.55 -0 5
        vertex 11.424989 1.694737 5
        vertex 11.328071 2.2532933 5
    endloop
endfacet
facet normal 0 0 0.99999994
    outer loop
        vertex 11.55 -0 5
        vertex 11.494383 1.1320981 5
        vertex 11.424989 1.694737 5
    endloop
endfacet
facet normal 0 0 1
    outer loop
        vertex 11.55 -0 5
        vertex 11.536088 0.56673163 5
        vertex 11.494383 1.1320981 5
    endloop
endfacet
facet normal -0 0 1
    outer loop
        vertex -11.536088 -0.56673163 5
        vertex -11.494383 -1.1320981 5
        vertex 11.55 -0 5
    endloop
endfacet
facet normal -0.70700085 0.0173573 0.7069996
    outer loop
        vertex -12.335123 0.60598576 4.2
        vertex -12.35 0.0000000000000015124387 4.2
        vertex -11.536088 0.56673163 5
    endloop
endfacet
facet normal -0.70529777 0.05202407 0.7069996
    outer loop
        vertex -12.290532 1.2105117 4.2
        vertex -12.335123 0.60598576 4.2
        vertex -11.536088 0.56673163 5
    endloop
endfacet
facet normal -0.70189399 0.0865716 0.70700079
    outer loop
        vertex -12.21633 1.8121214 4.2
        vertex -12.290532 1.2105117 4.2
        vertex -11.494383 1.1320981 5
    endloop
endfacet
facet normal -0.70189506 0.08656953 0.70699996
    outer loop
        vertex -11.424989 1.694737 5
        vertex -12.21633 1.8121214 4.2
        vertex -11.494383 1.1320981 5
    endloop
endfacet
facet normal -0.69680178 0.12090582 0.70700002
    outer loop
        vertex -11.328071 2.2532933 5
        vertex -12.112699 2.4093654 4.2
        vertex -11.424989 1.694737 5
    endloop
endfacet
facet normal -0.69002968 0.15495169 0.70700002
    outer loop
        vertex -11.328071 2.2532933 5
        vertex -11.979886 3.0008051 4.2
        vertex -12.112699 2.4093654 4.2
    endloop
endfacet
facet normal -0.68159544 0.18862253 0.70700014
    outer loop
        vertex -11.203861 2.806421 5
        vertex -11.818213 3.5850158 4.2
        vertex -11.979886 3.0008051 4.2
    endloop
endfacet
facet normal -0.68159509 0.18862303 0.70700032
    outer loop
        vertex -11.203861 2.806421 5
        vertex -11.052661 3.352788 5
        vertex -11.818213 3.5850158 4.2
    endloop
endfacet
facet normal -0.67151916 0.2218399 0.70700002
    outer loop
        vertex -11.052661 3.352788 5
        vertex -10.874834 3.8910778 5
        vertex -11.628069 4.1605897 4.2
    endloop
endfacet
facet normal -0.65982521 0.25452244 0.70700008
    outer loop
        vertex -11.628069 4.1605897 4.2
        vertex -10.874834 3.8910778 5
        vertex -11.409912 4.7261405 4.2
    endloop
endfacet
facet normal -0.64654106 0.28659192 0.70700055
    outer loop
        vertex -11.409912 4.7261405 4.2
        vertex -10.670808 4.4199934 5
        vertex -11.164268 5.280306 4.2
    endloop
endfacet
facet normal -0.6465416 0.28659132 0.70700026
    outer loop
        vertex -11.164268 5.280306 4.2
        vertex -10.670808 4.4199934 5
        vertex -10.441076 4.938261 5
    endloop
endfacet
facet normal -0.6317004 0.31797081 0.70700008
    outer loop
        vertex -10.891727 5.8217497 4.2
        vertex -10.441076 4.938261 5
        vertex -10.186191 5.4446325 5
    endloop
endfacet
facet normal -0.61533761 0.34858361 0.70700008
    outer loop
        vertex -10.592949 6.349169 4.2
        vertex -10.891727 5.8217497 4.2
        vertex -10.186191 5.4446325 5
    endloop
endfacet
facet normal -0.59749132 0.37835741 0.70700055
    outer loop
        vertex -10.26865 6.8612924 4.2
        vertex -10.592949 6.349169 4.2
        vertex -9.906765 5.9378867 5
    endloop
endfacet
facet normal -0.5974924 0.37835652 0.70700008
    outer loop
        vertex -9.603475 6.4168363 5
        vertex -10.26865 6.8612924 4.2
        vertex -9.906765 5.9378867 5
    endloop
endfacet
facet normal -0.578206 0.40722016 0.70700032
    outer loop
        vertex -9.277046 6.880327 5
        vertex -9.919613 7.3568864 4.2
        vertex -9.603475 6.4168363 5
    endloop
endfacet
facet normal -0.55752927 0.43509963 0.70700037
    outer loop
        vertex -9.277046 6.880327 5
        vertex -9.5466795 7.834757 4.2
        vertex -9.919613 7.3568864 4.2
    endloop
endfacet
facet normal -0.51219714 0.48765209 0.70700037
    outer loop
        vertex -8.557985 7.756506 5
        vertex -8.732769 8.732769 4.2
        vertex -9.150746 8.293754 4.2
    endloop
endfacet
facet normal -0.4876523 0.51219732 0.70700014
    outer loop
        vertex -8.167084 8.167084 5
        vertex -8.293754 9.150746 4.2
        vertex -8.732769 8.732769 4.2
    endloop
endfacet
facet normal -0.46193227 0.5355081 0.70700037
    outer loop
        vertex -7.756506 8.557985 5
        vertex -7.834757 9.5466795 4.2
        vertex -8.293754 9.150746 4.2
    endloop
endfacet
facet normal -0.43509978 0.55752939 0.70700002
    outer loop
        vertex -7.3272424 8.928271 5
        vertex -7.3568864 9.919613 4.2
        vertex -7.834757 9.5466795 4.2
    endloop
endfacet
facet normal -0.40721953 0.57820648 0.70700032
    outer loop
        vertex -6.880327 9.277046 5
        vertex -6.8612924 10.26865 4.2
        vertex -7.3568864 9.919613 4.2
    endloop
endfacet
facet normal -0.37835765 0.5974918 0.70700014
    outer loop
        vertex -6.4168363 9.603475 5
        vertex -6.349169 10.592949 4.2
        vertex -6.8612924 10.26865 4.2
    endloop
endfacet
facet normal -0.3485848 0.61533695 0.70700008
    outer loop
        vertex -5.4446325 10.186191 5
        vertex -5.8217497 10.891727 4.2
        vertex -5.9378867 9.906765 5
    endloop
endfacet
facet normal -0.31797081 0.63170028 0.70700032
    outer loop
        vertex -4.938261 10.441076 5
        vertex -5.280306 11.164268 4.2
        vertex -5.4446325 10.186191 5
    endloop
endfacet
facet normal -0.28659123 0.64654136 0.70700055
    outer loop
        vertex -4.4199934 10.670808 5
        vertex -4.7261405 11.409912 4.2
        vertex -4.938261 10.441076 5
    endloop
endfacet
facet normal -0.25452366 0.65982473 0.70700002
    outer loop
        vertex -3.8910778 10.874834 5
        vertex -4.1605897 11.628069 4.2
        vertex -4.4199934 10.670808 5
    endloop
endfacet
facet normal -0.22183983 0.67151898 0.70700032
    outer loop
        vertex -3.352788 11.052661 5
        vertex -3.5850158 11.818213 4.2
        vertex -3.8910778 10.874834 5
    endloop
endfacet
facet normal -0.15495165 0.69002962 0.70700014
    outer loop
        vertex -2.4093654 12.112699 4.2
        vertex -3.0008051 11.979886 4.2
        vertex -2.806421 11.203861 5
    endloop
endfacet
facet normal -0.12090582 0.69680178 0.70700002
    outer loop
        vertex -1.8121214 12.21633 4.2
        vertex -2.4093654 12.112699 4.2
        vertex -2.2532933 11.328071 5
    endloop
endfacet
facet normal -0.0865717 0.70189482 0.70700008
    outer loop
        vertex -1.2105117 12.290532 4.2
        vertex -1.8121214 12.21633 4.2
        vertex -1.694737 11.424989 5
    endloop
endfacet
facet normal -0.05202398 0.70529664 0.70700073
    outer loop
        vertex -0.60598576 12.335123 4.2
        vertex -1.2105117 12.290532 4.2
        vertex -1.1320981 11.494383 5
    endloop
endfacet
facet normal -0.0173573 0.70700085 0.7069996
    outer loop
        vertex 0.00000000000000075621937 12.35 4.2
        vertex -0.60598576 12.335123 4.2
        vertex -0.56673163 11.536088 5
    endloop
endfacet
facet normal 0.0173556 0.70700097 0.70699966
    outer loop
        vertex 0.60598576 12.335123 4.2
        vertex 0.00000000000000070723355 11.55 5
        vertex 0.56673163 11.536088 5
    endloop
endfacet
facet normal 0.05202728 0.70529634 0.70700079
    outer loop
        vertex 1.2105117 12.290532 4.2
        vertex 0.56673163 11.536088 5
        vertex 1.1320981 11.494383 5
    endloop
endfacet
facet normal 0.08656951 0.70189506 0.70700002
    outer loop
        vertex 1.8121214 12.21633 4.2
        vertex 1.1320981 11.494383 5
        vertex 1.694737 11.424989 5
    endloop
endfacet
facet normal 0.1209058 0.69680178 0.70700002
    outer loop
        vertex 2.4093654 12.112699 4.2
        vertex 1.694737 11.424989 5
        vertex 2.2532933 11.328071 5
    endloop
endfacet
facet normal 0.15495184 0.6900295 0.70700014
    outer loop
        vertex 3.0008051 11.979886 4.2
        vertex 2.2532933 11.328071 5
        vertex 2.806421 11.203861 5
    endloop
endfacet
facet normal 0.18862298 0.68159509 0.70700026
    outer loop
        vertex 3.5850158 11.818213 4.2
        vertex 2.806421 11.203861 5
        vertex 3.352788 11.052661 5
    endloop
endfacet
facet normal 0.25452244 0.65982521 0.70700008
    outer loop
        vertex 4.1605897 11.628069 4.2
        vertex 3.8910778 10.874834 5
        vertex 4.7261405 11.409912 4.2
    endloop
endfacet
facet normal 0.28659192 0.64654106 0.70700055
    outer loop
        vertex 4.7261405 11.409912 4.2
        vertex 4.4199934 10.670808 5
        vertex 5.280306 11.164268 4.2
    endloop
endfacet
facet normal 0.31797126 0.63169998 0.70700026
    outer loop
        vertex 5.280306 11.164268 4.2
        vertex 4.938261 10.441076 5
        vertex 5.8217497 10.891727 4.2
    endloop
endfacet
facet normal 0.34858361 0.61533761 0.70700002
    outer loop
        vertex 5.8217497 10.891727 4.2
        vertex 5.4446325 10.186191 5
        vertex 6.349169 10.592949 4.2
    endloop
endfacet
facet normal 0.37835741 0.59749132 0.70700055
    outer loop
        vertex 6.349169 10.592949 4.2
        vertex 5.9378867 9.906765 5
        vertex 6.8612924 10.26865 4.2
    endloop
endfacet
facet normal 0.40721965 0.57820672 0.70700002
    outer loop
        vertex 6.8612924 10.26865 4.2
        vertex 6.4168363 9.603475 5
        vertex 7.3568864 9.919613 4.2
    endloop
endfacet
facet normal 0.43509921 0.55752993 0.70700008
    outer loop
        vertex 6.880327 9.277046 5
        vertex 7.3272424 8.928271 5
        vertex 7.834757 9.5466795 4.2
    endloop
endfacet
facet normal 0.4619329 0.53550768 0.70700037
    outer loop
        vertex 7.3272424 8.928271 5
        vertex 7.756506 8.557985 5
        vertex 8.293754 9.150746 4.2
    endloop
endfacet
facet normal 0.48765177 0.51219791 0.70700008
    outer loop
        vertex 7.756506 8.557985 5
        vertex 8.167084 8.167084 5
        vertex 8.732769 8.732769 4.2
    endloop
endfacet
facet normal 0.51219767 0.48765153 0.70700043
    outer loop
        vertex 8.167084 8.167084 5
        vertex 8.557985 7.756506 5
        vertex 9.150746 8.293754 4.2
    endloop
endfacet
facet normal 0.53550792 0.46193308 0.70700014
    outer loop
        vertex 8.557985 7.756506 5
        vertex 8.928271 7.3272424 5
        vertex 9.5466795 7.834757 4.2
    endloop
endfacet
facet normal 0.55752963 0.43509904 0.70700037
    outer loop
        vertex 8.928271 7.3272424 5
        vertex 9.277046 6.880327 5
        vertex 9.919613 7.3568864 4.2
    endloop
endfacet
facet normal 0.57820624 0.40722033 0.70700002
    outer loop
        vertex 9.277046 6.880327 5
        vertex 9.603475 6.4168363 5
        vertex 10.26865 6.8612924 4.2
    endloop
endfacet
facet normal 0.61533713 0.34858343 0.70700055
    outer loop
        vertex 9.906765 5.9378867 5
        vertex 10.891727 5.8217497 4.2
        vertex 10.592949 6.349169 4.2
    endloop
endfacet
facet normal 0.63170016 0.31797141 0.70700002
    outer loop
        vertex 10.186191 5.4446325 5
        vertex 11.164268 5.280306 4.2
        vertex 10.891727 5.8217497 4.2
    endloop
endfacet
facet normal 0.64654124 0.28659204 0.70700026
    outer loop
        vertex 10.441076 4.938261 5
        vertex 11.409912 4.7261405 4.2
        vertex 11.164268 5.280306 4.2
    endloop
endfacet
facet normal 0.65982473 0.25452226 0.70700055
    outer loop
        vertex 10.670808 4.4199934 5
        vertex 11.628069 4.1605897 4.2
        vertex 11.409912 4.7261405 4.2
    endloop
endfacet
facet normal 0.67151898 0.22184058 0.70700008
    outer loop
        vertex 10.874834 3.8910778 5
        vertex 11.818213 3.5850158 4.2
        vertex 11.628069 4.1605897 4.2
    endloop
endfacet
facet normal 0.68159527 0.18862258 0.70700032
    outer loop
        vertex 11.052661 3.352788 5
        vertex 11.979886 3.0008051 4.2
        vertex 11.818213 3.5850158 4.2
    endloop
endfacet
facet normal 0.69002956 0.15495168 0.70700014
    outer loop
        vertex 11.203861 2.806421 5
        vertex 12.112699 2.4093654 4.2
        vertex 11.979886 3.0008051 4.2
    endloop
endfacet
facet normal 0.69680178 0.12090579 0.70700002
    outer loop
        vertex 11.328071 2.2532933 5
        vertex 12.21633 1.8121214 4.2
        vertex 12.112699 2.4093654 4.2
    endloop
endfacet
facet normal 0.70189482 0.08657172 0.70700008
    outer loop
        vertex 11.424989 1.694737 5
        vertex 12.290532 1.2105117 4.2
        vertex 12.21633 1.8121214 4.2
    endloop
endfacet
facet normal 0.70700032 0.01735559 0.70700032
    outer loop
        vertex 12.35 -0 4.2
        vertex 11.536088 0.56673163 5
        vertex 11.55 -0 5
    endloop
endfacet
facet normal 0.70529664 0.05202398 0.70700079
    outer loop
        vertex 12.290532 1.2105117 4.2
        vertex 11.494383 1.1320981 5
        vertex 12.335123 0.60598576 4.2
    endloop
endfacet
facet normal 0.70700085 0.0173573 0.7069996
    outer loop
        vertex 12.335123 0.60598576 4.2
        vertex 11.536088 0.56673163 5
        vertex 12.35 -0 4.2
    endloop
endfacet
facet normal 0.70189428 0.08656944 0.70700085
    outer loop
        vertex 11.424989 1.694737 5
        vertex 11.494383 1.1320981 5
        vertex 12.290532 1.2105117 4.2
    endloop
endfacet
facet normal 0.69680178 0.12090582 0.70699996
    outer loop
        vertex 11.328071 2.2532933 5
        vertex 11.424989 1.694737 5
        vertex 12.21633 1.8121214 4.2
    endloop
endfacet
facet normal 0.69002962 0.15495184 0.70699996
    outer loop
        vertex 11.203861 2.806421 5
        vertex 11.328071 2.2532933 5
        vertex 12.112699 2.4093654 4.2
    endloop
endfacet
facet normal 0.68159533 0.18862309 0.70700014
    outer loop
        vertex 11.052661 3.352788 5
        vertex 11.203861 2.806421 5
        vertex 11.979886 3.0008051 4.2
    endloop
endfacet
facet normal 0.67151898 0.22183983 0.70700032
    outer loop
        vertex 10.874834 3.8910778 5
        vertex 11.052661 3.352788 5
        vertex 11.818213 3.5850158 4.2
    endloop
endfacet
facet normal 0.65982473 0.25452366 0.70699996
    outer loop
        vertex 10.670808 4.4199934 5
        vertex 10.874834 3.8910778 5
        vertex 11.628069 4.1605897 4.2
    endloop
endfacet
facet normal 0.64654136 0.28659123 0.70700055
    outer loop
        vertex 10.441076 4.938261 5
        vertex 10.670808 4.4199934 5
        vertex 11.409912 4.7261405 4.2
    endloop
endfacet
facet normal 0.63170028 0.31797081 0.70700032
    outer loop
        vertex 10.186191 5.4446325 5
        vertex 10.441076 4.938261 5
        vertex 11.164268 5.280306 4.2
    endloop
endfacet
facet normal 0.61533689 0.34858477 0.70700008
    outer loop
        vertex 9.906765 5.9378867 5
        vertex 10.186191 5.4446325 5
        vertex 10.891727 5.8217497 4.2
    endloop
endfacet
facet normal 0.59749204 0.37835631 0.70700061
    outer loop
        vertex 9.603475 6.4168363 5
        vertex 9.906765 5.9378867 5
        vertex 10.592949 6.349169 4.2
    endloop
endfacet
facet normal 0.5974918 0.37835771 0.70700014
    outer loop
        vertex 10.26865 6.8612924 4.2
        vertex 9.603475 6.4168363 5
        vertex 10.592949 6.349169 4.2
    endloop
endfacet
facet normal 0.57820648 0.40721947 0.70700032
    outer loop
        vertex 9.919613 7.3568864 4.2
        vertex 9.277046 6.880327 5
        vertex 10.26865 6.8612924 4.2
    endloop
endfacet
facet normal 0.55752945 0.43509978 0.70700008
    outer loop
        vertex 9.5466795 7.834757 4.2
        vertex 8.928271 7.3272424 5
        vertex 9.919613 7.3568864 4.2
    endloop
endfacet
facet normal 0.53550816 0.46193227 0.70700037
    outer loop
        vertex 9.150746 8.293754 4.2
        vertex 8.557985 7.756506 5
        vertex 9.5466795 7.834757 4.2
    endloop
endfacet
facet normal 0.51219732 0.4876523 0.70700014
    outer loop
        vertex 8.732769 8.732769 4.2
        vertex 8.167084 8.167084 5
        vertex 9.150746 8.293754 4.2
    endloop
endfacet
facet normal 0.48765209 0.51219708 0.70700037
    outer loop
        vertex 8.293754 9.150746 4.2
        vertex 7.756506 8.557985 5
        vertex 8.732769 8.732769 4.2
    endloop
endfacet
facet normal 0.46193251 0.53550845 0.70700014
    outer loop
        vertex 7.834757 9.5466795 4.2
        vertex 7.3272424 8.928271 5
        vertex 8.293754 9.150746 4.2
    endloop
endfacet
facet normal 0.43509963 0.55752921 0.70700037
    outer loop
        vertex 7.3568864 9.919613 4.2
        vertex 6.880327 9.277046 5
        vertex 7.834757 9.5466795 4.2
    endloop
endfacet
facet normal 0.40722018 0.578206 0.70700037
    outer loop
        vertex 7.3568864 9.919613 4.2
        vertex 6.4168363 9.603475 5
        vertex 6.880327 9.277046 5
    endloop
endfacet
facet normal 0.37835655 0.59749246 0.70700002
    outer loop
        vertex 6.8612924 10.26865 4.2
        vertex 5.9378867 9.906765 5
        vertex 6.4168363 9.603475 5
    endloop
endfacet
facet normal 0.3485845 0.61533648 0.70700049
    outer loop
        vertex 6.349169 10.592949 4.2
        vertex 5.4446325 10.186191 5
        vertex 5.9378867 9.906765 5
    endloop
endfacet
facet normal 0.31797081 0.6317004 0.70700008
    outer loop
        vertex 5.8217497 10.891727 4.2
        vertex 4.938261 10.441076 5
        vertex 5.4446325 10.186191 5
    endloop
endfacet
facet normal 0.28659132 0.6465416 0.70700026
    outer loop
        vertex 5.280306 11.164268 4.2
        vertex 4.4199934 10.670808 5
        vertex 4.938261 10.441076 5
    endloop
endfacet
facet normal 0.25452352 0.65982425 0.70700061
    outer loop
        vertex 4.7261405 11.409912 4.2
        vertex 3.8910778 10.874834 5
        vertex 4.4199934 10.670808 5
    endloop
endfacet
facet normal 0.22183995 0.67151916 0.70700002
    outer loop
        vertex 4.1605897 11.628069 4.2
        vertex 3.352788 11.052661 5
        vertex 3.8910778 10.874834 5
    endloop
endfacet
facet normal 0.22184052 0.67151868 0.70700026
    outer loop
        vertex 4.1605897 11.628069 4.2
        vertex 3.5850158 11.818213 4.2
        vertex 3.352788 11.052661 5
    endloop
endfacet
facet normal 0.18862255 0.6815955 0.70700014
    outer loop
        vertex 3.5850158 11.818213 4.2
        vertex 3.0008051 11.979886 4.2
        vertex 2.806421 11.203861 5
    endloop
endfacet
facet normal 0.15495166 0.69002968 0.70700008
    outer loop
        vertex 3.0008051 11.979886 4.2
        vertex 2.4093654 12.112699 4.2
        vertex 2.2532933 11.328071 5
    endloop
endfacet
facet normal 0.12090582 0.69680178 0.70700002
    outer loop
        vertex 2.4093654 12.112699 4.2
        vertex 1.8121214 12.21633 4.2
        vertex 1.694737 11.424989 5
    endloop
endfacet
facet normal 0.0865716 0.70189399 0.70700079
    outer loop
        vertex 1.8121214 12.21633 4.2
        vertex 1.2105117 12.290532 4.2
        vertex 1.1320981 11.494383 5
    endloop
endfacet
facet normal 0.05202407 0.70529777 0.7069996
    outer loop
        vertex 1.2105117 12.290532 4.2
        vertex 0.60598576 12.335123 4.2
        vertex 0.56673163 11.536088 5
    endloop
endfacet
facet normal 0.01735729 0.70700026 0.70700026
    outer loop
        vertex 0.60598576 12.335123 4.2
        vertex 0.00000000000000075621937 12.35 4.2
        vertex 0.00000000000000070723355 11.55 5
    endloop
endfacet
facet normal -0.01735554 0.70700032 0.70700032
    outer loop
        vertex 0.00000000000000070723355 11.55 5
        vertex 0.00000000000000075621937 12.35 4.2
        vertex -0.56673163 11.536088 5
    endloop
endfacet
facet normal -0.05202737 0.70529759 0.7069996
    outer loop
        vertex -0.56673163 11.536088 5
        vertex -0.60598576 12.335123 4.2
        vertex -1.1320981 11.494383 5
    endloop
endfacet
facet normal -0.08656944 0.70189428 0.70700091
    outer loop
        vertex -1.1320981 11.494383 5
        vertex -1.2105117 12.290532 4.2
        vertex -1.694737 11.424989 5
    endloop
endfacet
facet normal -0.12090582 0.69680178 0.70699996
    outer loop
        vertex -1.694737 11.424989 5
        vertex -1.8121214 12.21633 4.2
        vertex -2.2532933 11.328071 5
    endloop
endfacet
facet normal -0.15495184 0.69002962 0.70700002
    outer loop
        vertex -2.2532933 11.328071 5
        vertex -2.4093654 12.112699 4.2
        vertex -2.806421 11.203861 5
    endloop
endfacet
facet normal -0.18862309 0.68159533 0.70700014
    outer loop
        vertex -2.806421 11.203861 5
        vertex -3.0008051 11.979886 4.2
        vertex -3.352788 11.052661 5
    endloop
endfacet
facet normal -0.18862258 0.68159527 0.70700032
    outer loop
        vertex -3.352788 11.052661 5
        vertex -3.0008051 11.979886 4.2
        vertex -3.5850158 11.818213 4.2
    endloop
endfacet
facet normal -0.22184058 0.67151898 0.70700008
    outer loop
        vertex -3.8910778 10.874834 5
        vertex -3.5850158 11.818213 4.2
        vertex -4.1605897 11.628069 4.2
    endloop
endfacet
facet normal -0.25452226 0.65982473 0.70700055
    outer loop
        vertex -4.4199934 10.670808 5
        vertex -4.1605897 11.628069 4.2
        vertex -4.7261405 11.409912 4.2
    endloop
endfacet
facet normal -0.28659204 0.64654124 0.70700026
    outer loop
        vertex -4.938261 10.441076 5
        vertex -4.7261405 11.409912 4.2
        vertex -5.280306 11.164268 4.2
    endloop
endfacet
facet normal -0.31797141 0.63170016 0.70700002
    outer loop
        vertex -5.4446325 10.186191 5
        vertex -5.280306 11.164268 4.2
        vertex -5.8217497 10.891727 4.2
    endloop
endfacet
facet normal -0.34858343 0.61533713 0.70700055
    outer loop
        vertex -5.9378867 9.906765 5
        vertex -5.8217497 10.891727 4.2
        vertex -6.349169 10.592949 4.2
    endloop
endfacet
facet normal -0.37835631 0.59749204 0.70700061
    outer loop
        vertex -6.4168363 9.603475 5
        vertex -5.9378867 9.906765 5
        vertex -6.349169 10.592949 4.2
    endloop
endfacet
facet normal -0.40722033 0.57820624 0.70700002
    outer loop
        vertex -6.880327 9.277046 5
        vertex -6.4168363 9.603475 5
        vertex -6.8612924 10.26865 4.2
    endloop
endfacet
facet normal -0.43509904 0.55752963 0.70700037
    outer loop
        vertex -7.3272424 8.928271 5
        vertex -6.880327 9.277046 5
        vertex -7.3568864 9.919613 4.2
    endloop
endfacet
facet normal -0.46193308 0.53550792 0.70700014
    outer loop
        vertex -7.756506 8.557985 5
        vertex -7.3272424 8.928271 5
        vertex -7.834757 9.5466795 4.2
    endloop
endfacet
facet normal -0.48765153 0.51219767 0.70700043
    outer loop
        vertex -8.167084 8.167084 5
        vertex -7.756506 8.557985 5
        vertex -8.293754 9.150746 4.2
    endloop
endfacet
facet normal -0.51219791 0.48765177 0.70700008
    outer loop
        vertex -8.557985 7.756506 5
        vertex -8.167084 8.167084 5
        vertex -8.732769 8.732769 4.2
    endloop
endfacet
facet normal -0.53550768 0.4619329 0.70700037
    outer loop
        vertex -8.928271 7.3272424 5
        vertex -8.557985 7.756506 5
        vertex -9.150746 8.293754 4.2
    endloop
endfacet
facet normal -0.53550845 0.46193251 0.70700014
    outer loop
        vertex -9.5466795 7.834757 4.2
        vertex -8.928271 7.3272424 5
        vertex -9.150746 8.293754 4.2
    endloop
endfacet
facet normal -0.55752981 0.43509918 0.70700002
    outer loop
        vertex -9.5466795 7.834757 4.2
        vertex -9.277046 6.880327 5
        vertex -8.928271 7.3272424 5
    endloop
endfacet
facet normal -0.57820672 0.40721965 0.70700002
    outer loop
        vertex -10.26865 6.8612924 4.2
        vertex -9.603475 6.4168363 5
        vertex -9.919613 7.3568864 4.2
    endloop
endfacet
facet normal -0.61533648 0.34858453 0.70700055
    outer loop
        vertex -10.186191 5.4446325 5
        vertex -9.906765 5.9378867 5
        vertex -10.592949 6.349169 4.2
    endloop
endfacet
facet normal -0.63170004 0.31797126 0.70700026
    outer loop
        vertex -10.441076 4.938261 5
        vertex -10.891727 5.8217497 4.2
        vertex -11.164268 5.280306 4.2
    endloop
endfacet
facet normal -0.65982425 0.25452349 0.70700049
    outer loop
        vertex -10.670808 4.4199934 5
        vertex -11.409912 4.7261405 4.2
        vertex -10.874834 3.8910778 5
    endloop
endfacet
facet normal -0.67151868 0.22184052 0.70700026
    outer loop
        vertex -11.628069 4.1605897 4.2
        vertex -11.818213 3.5850158 4.2
        vertex -11.052661 3.352788 5
    endloop
endfacet
facet normal -0.6900295 0.15495184 0.70700014
    outer loop
        vertex -11.979886 3.0008051 4.2
        vertex -11.328071 2.2532933 5
        vertex -11.203861 2.806421 5
    endloop
endfacet
facet normal -0.69680178 0.12090582 0.70700008
    outer loop
        vertex -12.21633 1.8121214 4.2
        vertex -11.424989 1.694737 5
        vertex -12.112699 2.4093654 4.2
    endloop
endfacet
facet normal -0.70700032 0.01735554 0.70700032
    outer loop
        vertex -11.536088 0.56673163 5
        vertex -12.35 0.0000000000000015124387 4.2
        vertex -11.55 0.0000000000000014144671 5
    endloop
endfacet
facet normal -0.70529634 0.05202728 0.70700079
    outer loop
        vertex -12.290532 1.2105117 4.2
        vertex -11.536088 0.56673163 5
        vertex -11.494383 1.1320981 5
    endloop
endfacet
facet normal 0.70529759 0.05202737 0.7069996
    outer loop
        vertex 11.494383 1.1320981 5
        vertex 11.536088 0.56673163 5
        vertex 12.335123 0.60598576 4.2
    endloop
endfacet
facet normal -0.99969876 0.02454321 0
    outer loop
        vertex -12.335123 0.60598576 2
        vertex -12.35 0.0000000000000015124387 2
        vertex -12.335123 0.60598576 4.2
    endloop
endfacet
facet normal -0.99729067 0.073562 0
    outer loop
        vertex -12.290532 1.2105117 2
        vertex -12.335123 0.60598576 2
        vertex -12.335123 0.60598576 4.2
    endloop
endfacet
facet normal -0.99247932 0.12241239 0
    outer loop
        vertex -12.21633 1.8121214 2
        vertex -12.290532 1.2105117 2
        vertex -12.290532 1.2105117 4.2
    endloop
endfacet
facet normal -0.99247932 0.12241239 0
    outer loop
        vertex -12.21633 1.8121214 4.2
        vertex -12.21633 1.8121214 2
        vertex -12.290532 1.2105117 4.2
    endloop
endfacet
facet normal -0.98527783 0.17096086 0
    outer loop
        vertex -12.112699 2.4093654 4.2
        vertex -12.112699 2.4093654 2
        vertex -12.21633 1.8121214 4.2
    endloop
endfacet
facet normal -0.97570211 0.21910168 0
    outer loop
        vertex -12.112699 2.4093654 4.2
        vertex -11.979886 3.0008051 2
        vertex -12.112699 2.4093654 2
    endloop
endfacet
facet normal -0.96377623 0.26671237 0
    outer loop
        vertex -11.979886 3.0008051 4.2
        vertex -11.818213 3.5850158 2
        vertex -11.979886 3.0008051 2
    endloop
endfacet
facet normal -0.96377623 0.26671237 0
    outer loop
        vertex -11.979886 3.0008051 4.2
        vertex -11.818213 3.5850158 4.2
        vertex -11.818213 3.5850158 2
    endloop
endfacet
facet normal -0.94952786 0.31368262 0
    outer loop
        vertex -11.818213 3.5850158 4.2
        vertex -11.628069 4.1605897 4.2
        vertex -11.628069 4.1605897 2
    endloop
endfacet
facet normal -0.93299294 0.35989475 0
    outer loop
        vertex -11.628069 4.1605897 2
        vertex -11.628069 4.1605897 4.2
        vertex -11.409912 4.7261405 2
    endloop
endfacet
facet normal -0.91420972 0.40524128 0
    outer loop
        vertex -11.409912 4.7261405 2
        vertex -11.409912 4.7261405 4.2
        vertex -11.164268 5.280306 2
    endloop
endfacet
facet normal -0.91420972 0.40524128 0
    outer loop
        vertex -11.164268 5.280306 2
        vertex -11.409912 4.7261405 4.2
        vertex -11.164268 5.280306 4.2
    endloop
endfacet
facet normal -0.89322424 0.4496116 0
    outer loop
        vertex -10.891727 5.8217497 2
        vertex -11.164268 5.280306 4.2
        vertex -10.891727 5.8217497 4.2
    endloop
endfacet
facet normal -0.8700875 0.4928973 0
    outer loop
        vertex -10.592949 6.349169 2
        vertex -10.891727 5.8217497 2
        vertex -10.891727 5.8217497 4.2
    endloop
endfacet
facet normal -0.84485346 0.53499782 0
    outer loop
        vertex -10.26865 6.8612924 2
        vertex -10.592949 6.349169 2
        vertex -10.592949 6.349169 4.2
    endloop
endfacet
facet normal -0.84485346 0.53499782 0
    outer loop
        vertex -10.26865 6.8612924 4.2
        vertex -10.26865 6.8612924 2
        vertex -10.592949 6.349169 4.2
    endloop
endfacet
facet normal -0.81758446 0.5758087 0
    outer loop
        vertex -9.919613 7.3568864 4.2
        vertex -9.919613 7.3568864 2
        vertex -10.26865 6.8612924 4.2
    endloop
endfacet
facet normal -0.78834677 0.61523122 0
    outer loop
        vertex -9.919613 7.3568864 4.2
        vertex -9.5466795 7.834757 2
        vertex -9.919613 7.3568864 2
    endloop
endfacet
facet normal -0.75720906 0.65317273 0
    outer loop
        vertex -9.5466795 7.834757 4.2
        vertex -9.150746 8.293754 2
        vertex -9.5466795 7.834757 2
    endloop
endfacet
facet normal -0.75720906 0.65317273 0
    outer loop
        vertex -9.5466795 7.834757 4.2
        vertex -9.150746 8.293754 4.2
        vertex -9.150746 8.293754 2
    endloop
endfacet
facet normal -0.72424716 0.68954051 0
    outer loop
        vertex -9.150746 8.293754 4.2
        vertex -8.732769 8.732769 4.2
        vertex -8.732769 8.732769 2
    endloop
endfacet
facet normal -0.68954051 0.72424716 0
    outer loop
        vertex -8.732769 8.732769 2
        vertex -8.732769 8.732769 4.2
        vertex -8.293754 9.150746 2
    endloop
endfacet
facet normal -0.65317273 0.75720906 0
    outer loop
        vertex -8.293754 9.150746 2
        vertex -8.293754 9.150746 4.2
        vertex -7.834757 9.5466795 2
    endloop
endfacet
facet normal -0.65317273 0.75720906 0
    outer loop
        vertex -7.834757 9.5466795 2
        vertex -8.293754 9.150746 4.2
        vertex -7.834757 9.5466795 4.2
    endloop
endfacet
facet normal -0.5758087 0.81758446 0
    outer loop
        vertex -6.8612924 10.26865 2
        vertex -7.3568864 9.919613 4.2
        vertex -6.8612924 10.26865 4.2
    endloop
endfacet
facet normal -0.53499782 0.84485346 0
    outer loop
        vertex -6.349169 10.592949 2
        vertex -6.8612924 10.26865 4.2
        vertex -6.349169 10.592949 4.2
    endloop
endfacet
facet normal -0.4928973 0.8700875 0
    outer loop
        vertex -5.8217497 10.891727 2
        vertex -6.349169 10.592949 4.2
        vertex -5.8217497 10.891727 4.2
    endloop
endfacet
facet normal -0.4496116 0.89322424 0
    outer loop
        vertex -5.280306 11.164268 2
        vertex -5.8217497 10.891727 4.2
        vertex -5.280306 11.164268 4.2
    endloop
endfacet
facet normal -0.35989475 0.93299294 0
    outer loop
        vertex -4.7261405 11.409912 2
        vertex -4.7261405 11.409912 4.2
        vertex -4.1605897 11.628069 2
    endloop
endfacet
facet normal -0.31368262 0.94952786 0
    outer loop
        vertex -4.1605897 11.628069 2
        vertex -4.1605897 11.628069 4.2
        vertex -3.5850158 11.818213 2
    endloop
endfacet
facet normal -0.26671237 0.96377623 0
    outer loop
        vertex -3.5850158 11.818213 2
        vertex -3.5850158 11.818213 4.2
        vertex -3.0008051 11.979886 2
    endloop
endfacet
facet normal -0.21910168 0.97570211 0
    outer loop
        vertex -3.0008051 11.979886 4.2
        vertex -2.4093654 12.112699 4.2
        vertex -2.4093654 12.112699 2
    endloop
endfacet
facet normal -0.17096086 0.98527783 0
    outer loop
        vertex -2.4093654 12.112699 4.2
        vertex -1.8121214 12.21633 4.2
        vertex -1.8121214 12.21633 2
    endloop
endfacet
facet normal -0.12241239 0.99247932 0
    outer loop
        vertex -1.8121214 12.21633 4.2
        vertex -1.2105117 12.290532 4.2
        vertex -1.2105117 12.290532 2
    endloop
endfacet
facet normal -0.073562 0.99729067 0
    outer loop
        vertex -1.2105117 12.290532 4.2
        vertex -0.60598576 12.335123 4.2
        vertex -0.60598576 12.335123 2
    endloop
endfacet
facet normal 0.02454321 0.99969876 0
    outer loop
        vertex 0.00000000000000075621937 12.35 4.2
        vertex 0.60598576 12.335123 2
        vertex 0.00000000000000075621937 12.35 2
    endloop
endfacet
facet normal 0.073562 0.99729067 0
    outer loop
        vertex 0.60598576 12.335123 4.2
        vertex 1.2105117 12.290532 2
        vertex 0.60598576 12.335123 2
    endloop
endfacet
facet normal 0.12241239 0.99247932 0
    outer loop
        vertex 1.2105117 12.290532 4.2
        vertex 1.8121214 12.21633 2
        vertex 1.2105117 12.290532 2
    endloop
endfacet
facet normal 0.17096086 0.98527783 0
    outer loop
        vertex 1.8121214 12.21633 4.2
        vertex 2.4093654 12.112699 2
        vertex 1.8121214 12.21633 2
    endloop
endfacet
facet normal 0.21910168 0.97570211 0
    outer loop
        vertex 3.0008051 11.979886 4.2
        vertex 3.0008051 11.979886 2
        vertex 2.4093654 12.112699 4.2
    endloop
endfacet
facet normal 0.26671237 0.96377623 0
    outer loop
        vertex 3.5850158 11.818213 4.2
        vertex 3.5850158 11.818213 2
        vertex 3.0008051 11.979886 4.2
    endloop
endfacet
facet normal 0.31368262 0.94952786 0
    outer loop
        vertex 4.1605897 11.628069 4.2
        vertex 4.1605897 11.628069 2
        vertex 3.5850158 11.818213 4.2
    endloop
endfacet
facet normal 0.40524128 0.91420972 0
    outer loop
        vertex 5.280306 11.164268 2
        vertex 4.7261405 11.409912 2
        vertex 4.7261405 11.409912 4.2
    endloop
endfacet
facet normal 0.4496116 0.89322424 0
    outer loop
        vertex 5.8217497 10.891727 2
        vertex 5.280306 11.164268 2
        vertex 5.280306 11.164268 4.2
    endloop
endfacet
facet normal 0.4928973 0.8700875 0
    outer loop
        vertex 6.349169 10.592949 2
        vertex 5.8217497 10.891727 2
        vertex 5.8217497 10.891727 4.2
    endloop
endfacet
facet normal 0.53499782 0.84485346 0
    outer loop
        vertex 6.8612924 10.26865 2
        vertex 6.349169 10.592949 2
        vertex 6.349169 10.592949 4.2
    endloop
endfacet
facet normal 0.5758087 0.81758446 0
    outer loop
        vertex 7.3568864 9.919613 2
        vertex 6.8612924 10.26865 2
        vertex 6.8612924 10.26865 4.2
    endloop
endfacet
facet normal 0.61523122 0.78834677 -0
    outer loop
        vertex 7.834757 9.5466795 2
        vertex 7.3568864 9.919613 4.2
        vertex 7.834757 9.5466795 4.2
    endloop
endfacet
facet normal 0.65317273 0.75720906 -0
    outer loop
        vertex 8.293754 9.150746 2
        vertex 7.834757 9.5466795 4.2
        vertex 8.293754 9.150746 4.2
    endloop
endfacet
facet normal 0.68954051 0.72424716 -0
    outer loop
        vertex 8.732769 8.732769 2
        vertex 8.293754 9.150746 4.2
        vertex 8.732769 8.732769 4.2
    endloop
endfacet
facet normal 0.72424716 0.68954051 -0
    outer loop
        vertex 9.150746 8.293754 2
        vertex 8.732769 8.732769 4.2
        vertex 9.150746 8.293754 4.2
    endloop
endfacet
facet normal 0.78834677 0.61523122 -0
    outer loop
        vertex 9.5466795 7.834757 2
        vertex 9.5466795 7.834757 4.2
        vertex 9.919613 7.3568864 2
    endloop
endfacet
facet normal 0.81758446 0.5758087 -0
    outer loop
        vertex 9.919613 7.3568864 2
        vertex 9.919613 7.3568864 4.2
        vertex 10.26865 6.8612924 2
    endloop
endfacet
facet normal 0.84485346 0.53499782 -0
    outer loop
        vertex 10.26865 6.8612924 2
        vertex 10.26865 6.8612924 4.2
        vertex 10.592949 6.349169 2
    endloop
endfacet
facet normal 0.8700875 0.4928973 -0
    outer loop
        vertex 10.592949 6.349169 2
        vertex 10.592949 6.349169 4.2
        vertex 10.891727 5.8217497 2
    endloop
endfacet
facet normal 0.89322424 0.4496116 -0
    outer loop
        vertex 10.891727 5.8217497 2
        vertex 10.891727 5.8217497 4.2
        vertex 11.164268 5.280306 2
    endloop
endfacet
facet normal 0.91420972 0.40524128 -0
    outer loop
        vertex 11.164268 5.280306 2
        vertex 11.164268 5.280306 4.2
        vertex 11.409912 4.7261405 2
    endloop
endfacet
facet normal 0.93299294 0.35989475 0
    outer loop
        vertex 11.409912 4.7261405 4.2
        vertex 11.628069 4.1605897 4.2
        vertex 11.628069 4.1605897 2
    endloop
endfacet
facet normal 0.94952786 0.31368262 0
    outer loop
        vertex 11.628069 4.1605897 4.2
        vertex 11.818213 3.5850158 4.2
        vertex 11.818213 3.5850158 2
    endloop
endfacet
facet normal 0.96377623 0.26671237 0
    outer loop
        vertex 11.818213 3.5850158 4.2
        vertex 11.979886 3.0008051 4.2
        vertex 11.979886 3.0008051 2
    endloop
endfacet
facet normal 0.97570211 0.21910168 0
    outer loop
        vertex 11.979886 3.0008051 4.2
        vertex 12.112699 2.4093654 4.2
        vertex 12.112699 2.4093654 2
    endloop
endfacet
facet normal 0.98527783 0.17096086 0
    outer loop
        vertex 12.112699 2.4093654 4.2
        vertex 12.21633 1.8121214 4.2
        vertex 12.21633 1.8121214 2
    endloop
endfacet
facet normal 0.99969876 0.02454321 -0
    outer loop
        vertex 12.35 -0 2
        vertex 12.335123 0.60598576 4.2
        vertex 12.35 -0 4.2
    endloop
endfacet
facet normal 0.99247932 0.12241239 -0
    outer loop
        vertex 12.290532 1.2105117 2
        vertex 12.21633 1.8121214 4.2
        vertex 12.290532 1.2105117 4.2
    endloop
endfacet
facet normal 0.99969876 0.02454321 -0
    outer loop
        vertex 12.335123 0.60598576 2
        vertex 12.335123 0.60598576 4.2
        vertex 12.35 -0 2
    endloop
endfacet
facet normal 0.99729067 0.073562 -0
    outer loop
        vertex 12.290532 1.2105117 2
        vertex 12.290532 1.2105117 4.2
        vertex 12.335123 0.60598576 2
    endloop
endfacet
facet normal 0.99247932 0.12241239 -0
    outer loop
        vertex 12.21633 1.8121214 2
        vertex 12.21633 1.8121214 4.2
        vertex 12.290532 1.2105117 2
    endloop
endfacet
facet normal 0.98527783 0.17096086 -0
    outer loop
        vertex 12.112699 2.4093654 2
        vertex 12.112699 2.4093654 4.2
        vertex 12.21633 1.8121214 2
    endloop
endfacet
facet normal 0.97570211 0.21910168 -0
    outer loop
        vertex 11.979886 3.0008051 2
        vertex 11.979886 3.0008051 4.2
        vertex 12.112699 2.4093654 2
    endloop
endfacet
facet normal 0.96377623 0.26671237 -0
    outer loop
        vertex 11.818213 3.5850158 2
        vertex 11.818213 3.5850158 4.2
        vertex 11.979886 3.0008051 2
    endloop
endfacet
facet normal 0.94952786 0.31368262 -0
    outer loop
        vertex 11.628069 4.1605897 2
        vertex 11.628069 4.1605897 4.2
        vertex 11.818213 3.5850158 2
    endloop
endfacet
facet normal 0.93299294 0.35989475 -0
    outer loop
        vertex 11.409912 4.7261405 2
        vertex 11.409912 4.7261405 4.2
        vertex 11.628069 4.1605897 2
    endloop
endfacet
facet normal 0.91420972 0.40524128 -0
    outer loop
        vertex 11.409912 4.7261405 2
        vertex 11.164268 5.280306 4.2
        vertex 11.409912 4.7261405 4.2
    endloop
endfacet
facet normal 0.89322424 0.4496116 -0
    outer loop
        vertex 11.164268 5.280306 2
        vertex 10.891727 5.8217497 4.2
        vertex 11.164268 5.280306 4.2
    endloop
endfacet
facet normal 0.8700875 0.4928973 -0
    outer loop
        vertex 10.891727 5.8217497 2
        vertex 10.592949 6.349169 4.2
        vertex 10.891727 5.8217497 4.2
    endloop
endfacet
facet normal 0.84485346 0.53499782 -0
    outer loop
        vertex 10.592949 6.349169 2
        vertex 10.26865 6.8612924 4.2
        vertex 10.592949 6.349169 4.2
    endloop
endfacet
facet normal 0.81758446 0.5758087 -0
    outer loop
        vertex 10.26865 6.8612924 2
        vertex 9.919613 7.3568864 4.2
        vertex 10.26865 6.8612924 4.2
    endloop
endfacet
facet normal 0.78834677 0.61523122 -0
    outer loop
        vertex 9.919613 7.3568864 2
        vertex 9.5466795 7.834757 4.2
        vertex 9.919613 7.3568864 4.2
    endloop
endfacet
facet normal 0.75720906 0.65317273 -0
    outer loop
        vertex 9.5466795 7.834757 2
        vertex 9.150746 8.293754 4.2
        vertex 9.5466795 7.834757 4.2
    endloop
endfacet
facet normal 0.75720906 0.65317273 0
    outer loop
        vertex 9.5466795 7.834757 2
        vertex 9.150746 8.293754 2
        vertex 9.150746 8.293754 4.2
    endloop
endfacet
facet normal 0.72424716 0.68954051 0
    outer loop
        vertex 9.150746 8.293754 2
        vertex 8.732769 8.732769 2
        vertex 8.732769 8.732769 4.2
    endloop
endfacet
facet normal 0.68954051 0.72424716 0
    outer loop
        vertex 8.732769 8.732769 2
        vertex 8.293754 9.150746 2
        vertex 8.293754 9.150746 4.2
    endloop
endfacet
facet normal 0.65317273 0.75720906 0
    outer loop
        vertex 8.293754 9.150746 2
        vertex 7.834757 9.5466795 2
        vertex 7.834757 9.5466795 4.2
    endloop
endfacet
facet normal 0.61523122 0.78834677 0
    outer loop
        vertex 7.834757 9.5466795 2
        vertex 7.3568864 9.919613 2
        vertex 7.3568864 9.919613 4.2
    endloop
endfacet
facet normal 0.5758087 0.81758446 0
    outer loop
        vertex 7.3568864 9.919613 4.2
        vertex 7.3568864 9.919613 2
        vertex 6.8612924 10.26865 4.2
    endloop
endfacet
facet normal 0.53499782 0.84485346 0
    outer loop
        vertex 6.8612924 10.26865 4.2
        vertex 6.8612924 10.26865 2
        vertex 6.349169 10.592949 4.2
    endloop
endfacet
facet normal 0.4928973 0.8700875 0
    outer loop
        vertex 6.349169 10.592949 4.2
        vertex 6.349169 10.592949 2
        vertex 5.8217497 10.891727 4.2
    endloop
endfacet
facet normal 0.4496116 0.89322424 0
    outer loop
        vertex 5.8217497 10.891727 4.2
        vertex 5.8217497 10.891727 2
        vertex 5.280306 11.164268 4.2
    endloop
endfacet
facet normal 0.40524128 0.91420972 0
    outer loop
        vertex 5.280306 11.164268 4.2
        vertex 5.280306 11.164268 2
        vertex 4.7261405 11.409912 4.2
    endloop
endfacet
facet normal 0.35989475 0.93299294 0
    outer loop
        vertex 4.7261405 11.409912 4.2
        vertex 4.7261405 11.409912 2
        vertex 4.1605897 11.628069 4.2
    endloop
endfacet
facet normal 0.35989475 0.93299294 0
    outer loop
        vertex 4.1605897 11.628069 4.2
        vertex 4.7261405 11.409912 2
        vertex 4.1605897 11.628069 2
    endloop
endfacet
facet normal 0.31368262 0.94952786 0
    outer loop
        vertex 3.5850158 11.818213 4.2
        vertex 4.1605897 11.628069 2
        vertex 3.5850158 11.818213 2
    endloop
endfacet
facet normal 0.26671237 0.96377623 0
    outer loop
        vertex 3.0008051 11.979886 4.2
        vertex 3.5850158 11.818213 2
        vertex 3.0008051 11.979886 2
    endloop
endfacet
facet normal 0.21910168 0.97570211 0
    outer loop
        vertex 2.4093654 12.112699 4.2
        vertex 3.0008051 11.979886 2
        vertex 2.4093654 12.112699 2
    endloop
endfacet
facet normal 0.17096086 0.98527783 0
    outer loop
        vertex 1.8121214 12.21633 4.2
        vertex 2.4093654 12.112699 4.2
        vertex 2.4093654 12.112699 2
    endloop
endfacet
facet normal 0.12241239 0.99247932 0
    outer loop
        vertex 1.2105117 12.290532 4.2
        vertex 1.8121214 12.21633 4.2
        vertex 1.8121214 12.21633 2
    endloop
endfacet
facet normal 0.073562 0.99729067 0
    outer loop
        vertex 0.60598576 12.335123 4.2
        vertex 1.2105117 12.290532 4.2
        vertex 1.2105117 12.290532 2
    endloop
endfacet
facet normal 0.02454321 0.99969876 0
    outer loop
        vertex 0.00000000000000075621937 12.35 4.2
        vertex 0.60598576 12.335123 4.2
        vertex 0.60598576 12.335123 2
    endloop
endfacet
facet normal -0.02454321 0.99969876 0
    outer loop
        vertex -0.60598576 12.335123 4.2
        vertex 0.00000000000000075621937 12.35 4.2
        vertex 0.00000000000000075621937 12.35 2
    endloop
endfacet
facet normal -0.02454321 0.99969876 0
    outer loop
        vertex -0.60598576 12.335123 2
        vertex -0.60598576 12.335123 4.2
        vertex 0.00000000000000075621937 12.35 2
    endloop
endfacet
facet normal -0.073562 0.99729067 0
    outer loop
        vertex -1.2105117 12.290532 2
        vertex -1.2105117 12.290532 4.2
        vertex -0.60598576 12.335123 2
    endloop
endfacet
facet normal -0.12241239 0.99247932 0
    outer loop
        vertex -1.8121214 12.21633 2
        vertex -1.8121214 12.21633 4.2
        vertex -1.2105117 12.290532 2
    endloop
endfacet
facet normal -0.17096086 0.98527783 0
    outer loop
        vertex -2.4093654 12.112699 2
        vertex -2.4093654 12.112699 4.2
        vertex -1.8121214 12.21633 2
    endloop
endfacet
facet normal -0.21910168 0.97570211 0
    outer loop
        vertex -3.0008051 11.979886 2
        vertex -3.0008051 11.979886 4.2
        vertex -2.4093654 12.112699 2
    endloop
endfacet
facet normal -0.26671237 0.96377623 0
    outer loop
        vertex -3.0008051 11.979886 2
        vertex -3.5850158 11.818213 4.2
        vertex -3.0008051 11.979886 4.2
    endloop
endfacet
facet normal -0.31368262 0.94952786 0
    outer loop
        vertex -3.5850158 11.818213 2
        vertex -4.1605897 11.628069 4.2
        vertex -3.5850158 11.818213 4.2
    endloop
endfacet
facet normal -0.35989475 0.93299294 0
    outer loop
        vertex -4.1605897 11.628069 2
        vertex -4.7261405 11.409912 4.2
        vertex -4.1605897 11.628069 4.2
    endloop
endfacet
facet normal -0.40524128 0.91420972 0
    outer loop
        vertex -4.7261405 11.409912 2
        vertex -5.280306 11.164268 4.2
        vertex -4.7261405 11.409912 4.2
    endloop
endfacet
facet normal -0.40524128 0.91420972 0
    outer loop
        vertex -4.7261405 11.409912 2
        vertex -5.280306 11.164268 2
        vertex -5.280306 11.164268 4.2
    endloop
endfacet
facet normal -0.4496116 0.89322424 0
    outer loop
        vertex -5.280306 11.164268 2
        vertex -5.8217497 10.891727 2
        vertex -5.8217497 10.891727 4.2
    endloop
endfacet
facet normal -0.4928973 0.8700875 0
    outer loop
        vertex -5.8217497 10.891727 2
        vertex -6.349169 10.592949 2
        vertex -6.349169 10.592949 4.2
    endloop
endfacet
facet normal -0.53499782 0.84485346 0
    outer loop
        vertex -6.349169 10.592949 2
        vertex -6.8612924 10.26865 2
        vertex -6.8612924 10.26865 4.2
    endloop
endfacet
facet normal -0.5758087 0.81758446 0
    outer loop
        vertex -6.8612924 10.26865 2
        vertex -7.3568864 9.919613 2
        vertex -7.3568864 9.919613 4.2
    endloop
endfacet
facet normal -0.61523122 0.78834677 0
    outer loop
        vertex -7.3568864 9.919613 4.2
        vertex -7.3568864 9.919613 2
        vertex -7.834757 9.5466795 4.2
    endloop
endfacet
facet normal -0.61523122 0.78834677 0
    outer loop
        vertex -7.834757 9.5466795 4.2
        vertex -7.3568864 9.919613 2
        vertex -7.834757 9.5466795 2
    endloop
endfacet
facet normal -0.68954051 0.72424716 0
    outer loop
        vertex -8.293754 9.150746 4.2
        vertex -8.293754 9.150746 2
        vertex -8.732769 8.732769 4.2
    endloop
endfacet
facet normal -0.72424716 0.68954051 0
    outer loop
        vertex -8.732769 8.732769 2
        vertex -9.150746 8.293754 2
        vertex -9.150746 8.293754 4.2
    endloop
endfacet
facet normal -0.78834677 0.61523122 0
    outer loop
        vertex -9.5466795 7.834757 2
        vertex -9.919613 7.3568864 4.2
        vertex -9.5466795 7.834757 4.2
    endloop
endfacet
facet normal -0.81758446 0.5758087 0
    outer loop
        vertex -10.26865 6.8612924 2
        vertex -10.26865 6.8612924 4.2
        vertex -9.919613 7.3568864 2
    endloop
endfacet
facet normal -0.8700875 0.4928973 0
    outer loop
        vertex -10.891727 5.8217497 4.2
        vertex -10.592949 6.349169 4.2
        vertex -10.592949 6.349169 2
    endloop
endfacet
facet normal -0.89322424 0.4496116 0
    outer loop
        vertex -11.164268 5.280306 4.2
        vertex -10.891727 5.8217497 2
        vertex -11.164268 5.280306 2
    endloop
endfacet
facet normal -0.93299294 0.35989475 0
    outer loop
        vertex -11.409912 4.7261405 4.2
        vertex -11.409912 4.7261405 2
        vertex -11.628069 4.1605897 4.2
    endloop
endfacet
facet normal -0.94952786 0.31368262 0
    outer loop
        vertex -11.628069 4.1605897 2
        vertex -11.818213 3.5850158 2
        vertex -11.818213 3.5850158 4.2
    endloop
endfacet
facet normal -0.97570211 0.21910168 0
    outer loop
        vertex -11.979886 3.0008051 2
        vertex -12.112699 2.4093654 4.2
        vertex -11.979886 3.0008051 4.2
    endloop
endfacet
facet normal -0.98527783 0.17096086 0
    outer loop
        vertex -12.21633 1.8121214 2
        vertex -12.21633 1.8121214 4.2
        vertex -12.112699 2.4093654 2
    endloop
endfacet
facet normal -0.99969876 0.02454321 0
    outer loop
        vertex -12.335123 0.60598576 4.2
        vertex -12.35 0.0000000000000015124387 2
        vertex -12.35 0.0000000000000015124387 4.2
    endloop
endfacet
facet normal -0.99729067 0.073562 0
    outer loop
        vertex -12.290532 1.2105117 2
        vertex -12.335123 0.60598576 4.2
        vertex -12.290532 1.2105117 4.2
    endloop
endfacet
facet normal 0.99729067 0.073562 0
    outer loop
        vertex 12.290532 1.2105117 4.2
        vertex 12.335123 0.60598576 4.2
        vertex 12.335123 0.60598576 2
    endloop
endfacet
facet normal -0 0 1
    outer loop
        vertex 12.335123 -0.60598576 2
        vertex 14.482534 -0.7114813 2
        vertex 14.5 -0 2
    endloop
endfacet
facet normal 0 0 1
    outer loop
        vertex 12.335123 -0.60598576 2
        vertex 14.430179 -1.4212486 2
        vertex 14.482534 -0.7114813 2
    endloop
endfacet
facet normal 0 0 1
    outer loop
        vertex 12.290532 -1.2105117 2
        vertex 14.34306 -2.127592 2
        vertex 14.430179 -1.4212486 2
    endloop
endfacet
facet normal 0 0 1
    outer loop
        vertex 12.290532 -1.2105117 2
        vertex 12.21633 -1.8121214 2
        vertex 14.34306 -2.127592 2
    endloop
endfacet
facet normal 0 0 0.99999994
    outer loop
        vertex 12.21633 -1.8121214 2
        vertex 12.112699 -2.4093654 2
        vertex 14.221387 -2.8288097 2
    endloop
endfacet
facet normal 0 0 1
    outer loop
        vertex 14.221387 -2.8288097 2
        vertex 12.112699 -2.4093654 2
        vertex 14.065453 -3.5232127 2
    endloop
endfacet
facet normal 0 0 1
    outer loop
        vertex 14.065453 -3.5232127 2
        vertex 11.979886 -3.0008051 2
        vertex 13.875634 -4.209128 2
    endloop
endfacet
facet normal 0 0 0.99999994
    outer loop
        vertex 13.875634 -4.209128 2
        vertex 11.979886 -3.0008051 2
        vertex 11.818213 -3.5850158 2
    endloop
endfacet
facet normal 0 0 1
    outer loop
        vertex 13.652389 -4.884903 2
        vertex 11.818213 -3.5850158 2
        vertex 11.628069 -4.1605897 2
    endloop
endfacet
facet normal 0 -0 1
    outer loop
        vertex 13.396253 -5.5489097 2
        vertex 13.652389 -4.884903 2
        vertex 11.628069 -4.1605897 2
    endloop
endfacet
facet normal 0 -0 0.99999994
    outer loop
        vertex 13.107844 -6.1995487 2
        vertex 13.396253 -5.5489097 2
        vertex 11.409912 -4.7261405 2
    endloop
endfacet
facet normal -0 0 1
    outer loop
        vertex 11.164268 -5.280306 2
        vertex 13.107844 -6.1995487 2
        vertex 11.409912 -4.7261405 2
    endloop
endfacet
facet normal -0 0 1
    outer loop
        vertex 10.891727 -5.8217497 2
        vertex 12.787858 -6.8352523 2
        vertex 11.164268 -5.280306 2
    endloop
endfacet
facet normal 0 -0 0.99999994
    outer loop
        vertex 12.05631 -8.055768 2
        vertex 12.437065 -7.4544897 2
        vertex 10.592949 -6.349169 2
    endloop
endfacet
facet normal 0 -0 0.99999994
    outer loop
        vertex 11.646509 -8.63764 2
        vertex 12.05631 -8.055768 2
        vertex 10.26865 -6.8612924 2
    endloop
endfacet
facet normal 0 0 1
    outer loop
        vertex 11.208652 -9.198703 2
        vertex 9.919613 -7.3568864 2
        vertex 9.5466795 -7.834757 2
    endloop
endfacet
facet normal 0 0 1
    outer loop
        vertex 10.743792 -9.737605 2
        vertex 9.5466795 -7.834757 2
        vertex 9.150746 -8.293754 2
    endloop
endfacet
facet normal 0 0 0.99999994
    outer loop
        vertex 10.253049 -10.253049 2
        vertex 9.150746 -8.293754 2
        vertex 8.732769 -8.732769 2
    endloop
endfacet
facet normal 0 0 1
    outer loop
        vertex 9.737605 -10.743792 2
        vertex 8.732769 -8.732769 2
        vertex 8.293754 -9.150746 2
    endloop
endfacet
facet normal 0 0 1
    outer loop
        vertex 9.198703 -11.208652 2
        vertex 8.293754 -9.150746 2
        vertex 7.834757 -9.5466795 2
    endloop
endfacet
facet normal 0 0 1
    outer loop
        vertex 8.63764 -11.646509 2
        vertex 7.834757 -9.5466795 2
        vertex 7.3568864 -9.919613 2
    endloop
endfacet
facet normal 0 0 1
    outer loop
        vertex 8.055768 -12.05631 2
        vertex 7.3568864 -9.919613 2
        vertex 6.8612924 -10.26865 2
    endloop
endfacet
facet normal 0 0 1
    outer loop
        vertex 7.4544897 -12.437065 2
        vertex 6.8612924 -10.26865 2
        vertex 6.349169 -10.592949 2
    endloop
endfacet
facet normal 0 0 1
    outer loop
        vertex 5.8217497 -10.891727 2
        vertex 5.280306 -11.164268 2
        vertex 6.1995487 -13.107844 2
    endloop
endfacet
facet normal 0 0 1
    outer loop
        vertex 6.8352523 -12.787858 2
        vertex 6.349169 -10.592949 2
        vertex 5.8217497 -10.891727 2
    endloop
endfacet
facet normal 0 0 1
    outer loop
        vertex 5.280306 -11.164268 2
        vertex 4.7261405 -11.409912 2
        vertex 5.5489097 -13.396253 2
    endloop
endfacet
facet normal 0 0 1
    outer loop
        vertex 4.7261405 -11.409912 2
        vertex 4.1605897 -11.628069 2
        vertex 4.884903 -13.652389 2
    endloop
endfacet
facet normal 0 0 1
    outer loop
        vertex 4.884903 -13.652389 2
        vertex 4.1605897 -11.628069 2
        vertex 4.209128 -13.875634 2
    endloop
endfacet
facet normal 0 0 1
    outer loop
        vertex 4.209128 -13.875634 2
        vertex 3.5850158 -11.818213 2
        vertex 3.5232127 -14.065453 2
    endloop
endfacet
facet normal 0 0 1
    outer loop
        vertex 3.5232127 -14.065453 2
        vertex 3.0008051 -11.979886 2
        vertex 2.8288097 -14.221387 2
    endloop
endfacet
facet normal 0 0 1
    outer loop
        vertex 2.8288097 -14.221387 2
        vertex 2.4093654 -12.112699 2
        vertex 2.127592 -14.34306 2
    endloop
endfacet
facet normal 0 0 1
    outer loop
        vertex 2.127592 -14.34306 2
        vertex 1.8121214 -12.21633 2
        vertex 1.4212486 -14.430179 2
    endloop
endfacet
facet normal 0 -0 1
    outer loop
        vertex 1.4212486 -14.430179 2
        vertex 1.8121214 -12.21633 2
        vertex 1.2105117 -12.290532 2
    endloop
endfacet
facet normal 0 -0 1
    outer loop
        vertex 0.7114813 -14.482534 2
        vertex 1.2105117 -12.290532 2
        vertex 0.60598576 -12.335123 2
    endloop
endfacet
facet normal 0 0 1
    outer loop
        vertex 0.60598576 -12.335123 2
        vertex -0.0000000000000022686583 -12.35 2
        vertex -0.0000000000000026636067 -14.5 2
    endloop
endfacet
facet normal 0 0 1
    outer loop
        vertex -0.0000000000000022686583 -12.35 2
        vertex -0.60598576 -12.335123 2
        vertex -0.7114813 -14.482534 2
    endloop
endfacet
facet normal 0 -0 1
    outer loop
        vertex -0.7114813 -14.482534 2
        vertex -0.60598576 -12.335123 2
        vertex -1.4212486 -14.430179 2
    endloop
endfacet
facet normal 0 -0 1
    outer loop
        vertex -1.4212486 -14.430179 2
        vertex -1.2105117 -12.290532 2
        vertex -2.127592 -14.34306 2
    endloop
endfacet
facet normal 0 -0 1
    outer loop
        vertex -2.127592 -14.34306 2
        vertex -1.8121214 -12.21633 2
        vertex -2.8288097 -14.221387 2
    endloop
endfacet
facet normal 0 0 1
    outer loop
        vertex -3.0008051 -11.979886 2
        vertex -4.209128 -13.875634 2
        vertex -3.5232127 -14.065453 2
    endloop
endfacet
facet normal 0 0 1
    outer loop
        vertex -3.5850158 -11.818213 2
        vertex -4.884903 -13.652389 2
        vertex -4.209128 -13.875634 2
    endloop
endfacet
facet normal 0 0 1
    outer loop
        vertex -4.7261405 -11.409912 2
        vertex -5.5489097 -13.396253 2
        vertex -4.1605897 -11.628069 2
    endloop
endfacet
facet normal 0 0 1
    outer loop
        vertex -5.280306 -11.164268 2
        vertex -6.1995487 -13.107844 2
        vertex -4.7261405 -11.409912 2
    endloop
endfacet
facet normal -0 0 1
    outer loop
        vertex -7.4544897 -12.437065 2
        vertex -6.8352523 -12.787858 2
        vertex -5.8217497 -10.891727 2
    endloop
endfacet
facet normal -0 0 0.99999994
    outer loop
        vertex -8.055768 -12.05631 2
        vertex -7.4544897 -12.437065 2
        vertex -6.349169 -10.592949 2
    endloop
endfacet
facet normal -0 0 0.99999994
    outer loop
        vertex -8.63764 -11.646509 2
        vertex -8.055768 -12.05631 2
        vertex -6.8612924 -10.26865 2
    endloop
endfacet
facet normal 0 0 1
    outer loop
        vertex -9.198703 -11.208652 2
        vertex -7.3568864 -9.919613 2
        vertex -7.834757 -9.5466795 2
    endloop
endfacet
facet normal 0 0 1
    outer loop
        vertex -9.737605 -10.743792 2
        vertex -7.834757 -9.5466795 2
        vertex -8.293754 -9.150746 2
    endloop
endfacet
facet normal 0 0 0.99999994
    outer loop
        vertex -10.253049 -10.253049 2
        vertex -8.293754 -9.150746 2
        vertex -8.732769 -8.732769 2
    endloop
endfacet
facet normal 0 0 1
    outer loop
        vertex -10.743792 -9.737605 2
        vertex -8.732769 -8.732769 2
        vertex -9.150746 -8.293754 2
    endloop
endfacet
facet normal 0 0 1
    outer loop
        vertex -11.208652 -9.198703 2
        vertex -9.150746 -8.293754 2
        vertex -9.5466795 -7.834757 2
    endloop
endfacet
facet normal 0 0 1
    outer loop
        vertex -11.646509 -8.63764 2
        vertex -9.5466795 -7.834757 2
        vertex -9.919613 -7.3568864 2
    endloop
endfacet
facet normal 0 0 1
    outer loop
        vertex -12.05631 -8.055768 2
        vertex -9.919613 -7.3568864 2
        vertex -10.26865 -6.8612924 2
    endloop
endfacet
facet normal 0 0 1
    outer loop
        vertex -12.437065 -7.4544897 2
        vertex -10.26865 -6.8612924 2
        vertex -10.592949 -6.349169 2
    endloop
endfacet
facet normal 0 0 1
    outer loop
        vertex -10.891727 -5.8217497 2
        vertex -11.164268 -5.280306 2
        vertex -13.107844 -6.1995487 2
    endloop
endfacet
facet normal 0 0 1
    outer loop
        vertex -12.787858 -6.8352523 2
        vertex -10.592949 -6.349169 2
        vertex -10.891727 -5.8217497 2
    endloop
endfacet
facet normal 0 0 1
    outer loop
        vertex -11.164268 -5.280306 2
        vertex -11.409912 -4.7261405 2
        vertex -13.396253 -5.5489097 2
    endloop
endfacet
facet normal 0 0 1
    outer loop
        vertex -11.409912 -4.7261405 2
        vertex -11.628069 -4.1605897 2
        vertex -13.652389 -4.884903 2
    endloop
endfacet
facet normal 0 -0 1
    outer loop
        vertex -13.652389 -4.884903 2
        vertex -11.628069 -4.1605897 2
        vertex -13.875634 -4.209128 2
    endloop
endfacet
facet normal 0 -0 1
    outer loop
        vertex -13.875634 -4.209128 2
        vertex -11.818213 -3.5850158 2
        vertex -14.065453 -3.5232127 2
    endloop
endfacet
facet normal 0 -0 1
    outer loop
        vertex -14.065453 -3.5232127 2
        vertex -11.979886 -3.0008051 2
        vertex -14.221387 -2.8288097 2
    endloop
endfacet
facet normal 0 -0 1
    outer loop
        vertex -14.221387 -2.8288097 2
        vertex -12.112699 -2.4093654 2
        vertex -14.34306 -2.127592 2
    endloop
endfacet
facet normal 0 -0 1
    outer loop
        vertex -14.34306 -2.127592 2
        vertex -12.21633 -1.8121214 2
        vertex -14.430179 -1.4212486 2
    endloop
endfacet
facet normal -0 0 1
    outer loop
        vertex -14.430179 -1.4212486 2
        vertex -12.21633 -1.8121214 2
        vertex -12.290532 -1.2105117 2
    endloop
endfacet
facet normal -0 0 1
    outer loop
        vertex -14.482534 -0.7114813 2
        vertex -12.290532 -1.2105117 2
        vertex -12.335123 -0.60598576 2
    endloop
endfacet
facet normal 0 0 1
    outer loop
        vertex -12.335123 -0.60598576 2
        vertex -12.35 0.0000000000000015124387 2
        vertex -14.5 0.0000000000000017757378 2
    endloop
endfacet
facet normal 0 -0 1
    outer loop
        vertex -12.35 0.0000000000000015124387 2
        vertex -12.335123 0.60598576 2
        vertex -14.482534 0.7114813 2
    endloop
endfacet
facet normal -0 0 1
    outer loop
        vertex -14.482534 0.7114813 2
        vertex -12.335123 0.60598576 2
        vertex -14.430179 1.4212486 2
    endloop
endfacet
facet normal -0 0 1
    outer loop
        vertex -14.430179 1.4212486 2
        vertex -12.290532 1.2105117 2
        vertex -14.34306 2.127592 2
    endloop
endfacet
facet normal -0 0 1
    outer loop
        vertex -14.34306 2.127592 2
        vertex -12.21633 1.8121214 2
        vertex -14.221387 2.8288097 2
    endloop
endfacet
facet normal 0 0 1
    outer loop
        vertex -11.979886 3.0008051 2
        vertex -13.875634 4.209128 2
        vertex -14.065453 3.5232127 2
    endloop
endfacet
facet normal 0 0 1
    outer loop
        vertex -11.818213 3.5850158 2
        vertex -13.652389 4.884903 2
        vertex -13.875634 4.209128 2
    endloop
endfacet
facet normal 0 0 1
    outer loop
        vertex -11.409912 4.7261405 2
        vertex -13.396253 5.5489097 2
        vertex -11.628069 4.1605897 2
    endloop
endfacet
facet normal 0 0 1
    outer loop
        vertex -11.164268 5.280306 2
        vertex -13.107844 6.1995487 2
        vertex -11.409912 4.7261405 2
    endloop
endfacet
facet normal 0 0 1
    outer loop
        vertex -12.437065 7.4544897 2
        vertex -12.787858 6.8352523 2
        vertex -10.891727 5.8217497 2
    endloop
endfacet
facet normal 0 0 0.99999994
    outer loop
        vertex -12.05631 8.055768 2
        vertex -12.437065 7.4544897 2
        vertex -10.592949 6.349169 2
    endloop
endfacet
facet normal 0 0 0.99999994
    outer loop
        vertex -11.646509 8.63764 2
        vertex -12.05631 8.055768 2
        vertex -10.26865 6.8612924 2
    endloop
endfacet
facet normal 0 0 1
    outer loop
        vertex -11.208652 9.198703 2
        vertex -9.919613 7.3568864 2
        vertex -9.5466795 7.834757 2
    endloop
endfacet
facet normal 0 0 1
    outer loop
        vertex -10.743792 9.737605 2
        vertex -9.5466795 7.834757 2
        vertex -9.150746 8.293754 2
    endloop
endfacet
facet normal 0 0 0.99999994
    outer loop
        vertex -10.253049 10.253049 2
        vertex -9.150746 8.293754 2
        vertex -8.732769 8.732769 2
    endloop
endfacet
facet normal 0 0 1
    outer loop
        vertex -9.737605 10.743792 2
        vertex -8.732769 8.732769 2
        vertex -8.293754 9.150746 2
    endloop
endfacet
facet normal 0 0 1
    outer loop
        vertex -9.198703 11.208652 2
        vertex -8.293754 9.150746 2
        vertex -7.834757 9.5466795 2
    endloop
endfacet
facet normal 0 0 1
    outer loop
        vertex -8.63764 11.646509 2
        vertex -7.834757 9.5466795 2
        vertex -7.3568864 9.919613 2
    endloop
endfacet
facet normal 0 0 1
    outer loop
        vertex -8.055768 12.05631 2
        vertex -7.3568864 9.919613 2
        vertex -6.8612924 10.26865 2
    endloop
endfacet
facet normal 0 0 1
    outer loop
        vertex -7.4544897 12.437065 2
        vertex -6.8612924 10.26865 2
        vertex -6.349169 10.592949 2
    endloop
endfacet
facet normal 0 -0 1
    outer loop
        vertex -5.8217497 10.891727 2
        vertex -5.280306 11.164268 2
        vertex -6.1995487 13.107844 2
    endloop
endfacet
facet normal 0 0 1
    outer loop
        vertex -6.8352523 12.787858 2
        vertex -6.349169 10.592949 2
        vertex -5.8217497 10.891727 2
    endloop
endfacet
facet normal 0 -0 1
    outer loop
        vertex -5.280306 11.164268 2
        vertex -4.7261405 11.409912 2
        vertex -5.5489097 13.396253 2
    endloop
endfacet
facet normal 0 -0 1
    outer loop
        vertex -4.7261405 11.409912 2
        vertex -4.1605897 11.628069 2
        vertex -4.884903 13.652389 2
    endloop
endfacet
facet normal -0 0 1
    outer loop
        vertex -4.884903 13.652389 2
        vertex -4.1605897 11.628069 2
        vertex -4.209128 13.875634 2
    endloop
endfacet
facet normal -0 0 1
    outer loop
        vertex -4.209128 13.875634 2
        vertex -3.5850158 11.818213 2
        vertex -3.5232127 14.065453 2
    endloop
endfacet
facet normal -0 0 1
    outer loop
        vertex -3.5232127 14.065453 2
        vertex -3.0008051 11.979886 2
        vertex -2.8288097 14.221387 2
    endloop
endfacet
facet normal -0 0 1
    outer loop
        vertex -2.8288097 14.221387 2
        vertex -2.4093654 12.112699 2
        vertex -2.127592 14.34306 2
    endloop
endfacet
facet normal -0 0 1
    outer loop
        vertex -2.127592 14.34306 2
        vertex -1.8121214 12.21633 2
        vertex -1.4212486 14.430179 2
    endloop
endfacet
facet normal 0 0 1
    outer loop
        vertex -1.4212486 14.430179 2
        vertex -1.8121214 12.21633 2
        vertex -1.2105117 12.290532 2
    endloop
endfacet
facet normal 0 0 1
    outer loop
        vertex -0.7114813 14.482534 2
        vertex -1.2105117 12.290532 2
        vertex -0.60598576 12.335123 2
    endloop
endfacet
facet normal 0 0 1
    outer loop
        vertex -0.60598576 12.335123 2
        vertex 0.00000000000000075621937 12.35 2
        vertex 0.0000000000000008878689 14.5 2
    endloop
endfacet
facet normal -0 0 1
    outer loop
        vertex 0.00000000000000075621937 12.35 2
        vertex 0.60598576 12.335123 2
        vertex 0.7114813 14.482534 2
    endloop
endfacet
facet normal 0 0 1
    outer loop
        vertex 0.7114813 14.482534 2
        vertex 0.60598576 12.335123 2
        vertex 1.4212486 14.430179 2
    endloop
endfacet
facet normal 0 0 1
    outer loop
        vertex 1.4212486 14.430179 2
        vertex 1.2105117 12.290532 2
        vertex 2.127592 14.34306 2
    endloop
endfacet
facet normal 0 0 1
    outer loop
        vertex 2.127592 14.34306 2
        vertex 1.8121214 12.21633 2
        vertex 2.8288097 14.221387 2
    endloop
endfacet
facet normal 0 0 1
    outer loop
        vertex 3.0008051 11.979886 2
        vertex 4.209128 13.875634 2
        vertex 3.5232127 14.065453 2
    endloop
endfacet
facet normal 0 0 1
    outer loop
        vertex 3.5850158 11.818213 2
        vertex 4.884903 13.652389 2
        vertex 4.209128 13.875634 2
    endloop
endfacet
facet normal 0 -0 1
    outer loop
        vertex 4.7261405 11.409912 2
        vertex 5.5489097 13.396253 2
        vertex 4.1605897 11.628069 2
    endloop
endfacet
facet normal 0 -0 1
    outer loop
        vertex 5.280306 11.164268 2
        vertex 6.1995487 13.107844 2
        vertex 4.7261405 11.409912 2
    endloop
endfacet
facet normal 0 0 1
    outer loop
        vertex 7.4544897 12.437065 2
        vertex 6.8352523 12.787858 2
        vertex 5.8217497 10.891727 2
    endloop
endfacet
facet normal 0 0 0.99999994
    outer loop
        vertex 8.055768 12.05631 2
        vertex 7.4544897 12.437065 2
        vertex 6.349169 10.592949 2
    endloop
endfacet
facet normal 0 0 0.99999994
    outer loop
        vertex 8.63764 11.646509 2
        vertex 8.055768 12.05631 2
        vertex 6.8612924 10.26865 2
    endloop
endfacet
facet normal 0 0 1
    outer loop
        vertex 9.198703 11.208652 2
        vertex 7.3568864 9.919613 2
        vertex 7.834757 9.5466795 2
    endloop
endfacet
facet normal 0 0 1
    outer loop
        vertex 9.737605 10.743792 2
        vertex 7.834757 9.5466795 2
        vertex 8.293754 9.150746 2
    endloop
endfacet
facet normal 0 0 0.99999994
    outer loop
        vertex 10.253049 10.253049 2
        vertex 8.293754 9.150746 2
        vertex 8.732769 8.732769 2
    endloop
endfacet
facet normal 0 0 1
    outer loop
        vertex 10.743792 9.737605 2
        vertex 8.732769 8.732769 2
        vertex 9.150746 8.293754 2
    endloop
endfacet
facet normal 0 0 1
    outer loop
        vertex 11.208652 9.198703 2
        vertex 9.150746 8.293754 2
        vertex 9.5466795 7.834757 2
    endloop
endfacet
facet normal 0 0 1
    outer loop
        vertex 11.646509 8.63764 2
        vertex 9.5466795 7.834757 2
        vertex 9.919613 7.3568864 2
    endloop
endfacet
facet normal 0 0 1
    outer loop
        vertex 12.05631 8.055768 2
        vertex 9.919613 7.3568864 2
        vertex 10.26865 6.8612924 2
    endloop
endfacet
facet normal 0 0 1
    outer loop
        vertex 12.437065 7.4544897 2
        vertex 10.26865 6.8612924 2
        vertex 10.592949 6.349169 2
    endloop
endfacet
facet normal -0 0 1
    outer loop
        vertex 10.891727 5.8217497 2
        vertex 11.164268 5.280306 2
        vertex 13.107844 6.1995487 2
    endloop
endfacet
facet normal 0 0 1
    outer loop
        vertex 12.787858 6.8352523 2
        vertex 10.592949 6.349169 2
        vertex 10.891727 5.8217497 2
    endloop
endfacet
facet normal -0 0 1
    outer loop
        vertex 11.164268 5.280306 2
        vertex 11.409912 4.7261405 2
        vertex 13.396253 5.5489097 2
    endloop
endfacet
facet normal -0 0 1
    outer loop
        vertex 11.409912 4.7261405 2
        vertex 11.628069 4.1605897 2
        vertex 13.652389 4.884903 2
    endloop
endfacet
facet normal 0 0 1
    outer loop
        vertex 13.652389 4.884903 2
        vertex 11.628069 4.1605897 2
        vertex 13.875634 4.209128 2
    endloop
endfacet
facet normal 0 0 1
    outer loop
        vertex 13.875634 4.209128 2
        vertex 11.818213 3.5850158 2
        vertex 14.065453 3.5232127 2
    endloop
endfacet
facet normal 0 0 1
    outer loop
        vertex 14.065453 3.5232127 2
        vertex 11.979886 3.0008051 2
        vertex 14.221387 2.8288097 2
    endloop
endfacet
facet normal 0 0 1
    outer loop
        vertex 14.221387 2.8288097 2
        vertex 12.112699 2.4093654 2
        vertex 14.34306 2.127592 2
    endloop
endfacet
facet normal -0 0 1
    outer loop
        vertex 12.335123 0.60598576 2
        vertex 14.5 -0 2
        vertex 14.482534 0.7114813 2
    endloop
endfacet
facet normal 0 0 1
    outer loop
        vertex 12.335123 0.60598576 2
        vertex 12.35 -0 2
        vertex 14.5 -0 2
    endloop
endfacet
facet normal 0 0 1
    outer loop
        vertex 12.290532 1.2105117 2
        vertex 12.335123 0.60598576 2
        vertex 14.482534 0.7114813 2
    endloop
endfacet
facet normal 0 0 1
    outer loop
        vertex 14.430179 1.4212486 2
        vertex 12.290532 1.2105117 2
        vertex 14.482534 0.7114813 2
    endloop
endfacet
facet normal 0 0 1
    outer loop
        vertex 14.430179 1.4212486 2
        vertex 12.21633 1.8121214 2
        vertex 12.290532 1.2105117 2
    endloop
endfacet
facet normal 0 0 1
    outer loop
        vertex 14.430179 1.4212486 2
        vertex 14.34306 2.127592 2
        vertex 12.21633 1.8121214 2
    endloop
endfacet
facet normal 0 -0 1
    outer loop
        vertex 12.21633 1.8121214 2
        vertex 14.34306 2.127592 2
        vertex 12.112699 2.4093654 2
    endloop
endfacet
facet normal 0 -0 0.99999994
    outer loop
        vertex 12.112699 2.4093654 2
        vertex 14.221387 2.8288097 2
        vertex 11.979886 3.0008051 2
    endloop
endfacet
facet normal 0 -0 1
    outer loop
        vertex 11.979886 3.0008051 2
        vertex 14.065453 3.5232127 2
        vertex 11.818213 3.5850158 2
    endloop
endfacet
facet normal 0 -0 1
    outer loop
        vertex 11.818213 3.5850158 2
        vertex 13.875634 4.209128 2
        vertex 11.628069 4.1605897 2
    endloop
endfacet
facet normal 0 0 1
    outer loop
        vertex 13.652389 4.884903 2
        vertex 13.396253 5.5489097 2
        vertex 11.409912 4.7261405 2
    endloop
endfacet
facet normal 0 0 1
    outer loop
        vertex 13.396253 5.5489097 2
        vertex 13.107844 6.1995487 2
        vertex 11.164268 5.280306 2
    endloop
endfacet
facet normal 0 0 1
    outer loop
        vertex 13.107844 6.1995487 2
        vertex 12.787858 6.8352523 2
        vertex 10.891727 5.8217497 2
    endloop
endfacet
facet normal 0 0 1
    outer loop
        vertex 12.787858 6.8352523 2
        vertex 12.437065 7.4544897 2
        vertex 10.592949 6.349169 2
    endloop
endfacet
facet normal 0 0 0.99999994
    outer loop
        vertex 12.437065 7.4544897 2
        vertex 12.05631 8.055768 2
        vertex 10.26865 6.8612924 2
    endloop
endfacet
facet normal 0 0 1
    outer loop
        vertex 12.05631 8.055768 2
        vertex 11.646509 8.63764 2
        vertex 9.919613 7.3568864 2
    endloop
endfacet
facet normal 0 0 0.99999994
    outer loop
        vertex 11.646509 8.63764 2
        vertex 11.208652 9.198703 2
        vertex 9.5466795 7.834757 2
    endloop
endfacet
facet normal 0 0 1
    outer loop
        vertex 11.208652 9.198703 2
        vertex 10.743792 9.737605 2
        vertex 9.150746 8.293754 2
    endloop
endfacet
facet normal 0 0 1
    outer loop
        vertex 10.743792 9.737605 2
        vertex 10.253049 10.253049 2
        vertex 8.732769 8.732769 2
    endloop
endfacet
facet normal 0 0 1
    outer loop
        vertex 10.253049 10.253049 2
        vertex 9.737605 10.743792 2
        vertex 8.293754 9.150746 2
    endloop
endfacet
facet normal 0 0 1
    outer loop
        vertex 9.737605 10.743792 2
        vertex 9.198703 11.208652 2
        vertex 7.834757 9.5466795 2
    endloop
endfacet
facet normal 0 0 1
    outer loop
        vertex 9.198703 11.208652 2
        vertex 8.63764 11.646509 2
        vertex 7.3568864 9.919613 2
    endloop
endfacet
facet normal 0 -0 1
    outer loop
        vertex 7.3568864 9.919613 2
        vertex 8.63764 11.646509 2
        vertex 6.8612924 10.26865 2
    endloop
endfacet
facet normal 0 -0 1
    outer loop
        vertex 6.8612924 10.26865 2
        vertex 8.055768 12.05631 2
        vertex 6.349169 10.592949 2
    endloop
endfacet
facet normal 0 -0 1
    outer loop
        vertex 6.349169 10.592949 2
        vertex 7.4544897 12.437065 2
        vertex 5.8217497 10.891727 2
    endloop
endfacet
facet normal 0 -0 1
    outer loop
        vertex 5.8217497 10.891727 2
        vertex 6.8352523 12.787858 2
        vertex 5.280306 11.164268 2
    endloop
endfacet
facet normal 0 0 1
    outer loop
        vertex 6.1995487 13.107844 2
        vertex 5.280306 11.164268 2
        vertex 6.8352523 12.787858 2
    endloop
endfacet
facet normal 0 0 1
    outer loop
        vertex 5.5489097 13.396253 2
        vertex 4.7261405 11.409912 2
        vertex 6.1995487 13.107844 2
    endloop
endfacet
facet normal 0 0 1
    outer loop
        vertex 4.884903 13.652389 2
        vertex 4.1605897 11.628069 2
        vertex 5.5489097 13.396253 2
    endloop
endfacet
facet normal 0 0 1
    outer loop
        vertex 4.884903 13.652389 2
        vertex 3.5850158 11.818213 2
        vertex 4.1605897 11.628069 2
    endloop
endfacet
facet normal 0 0 0.99999994
    outer loop
        vertex 4.209128 13.875634 2
        vertex 3.0008051 11.979886 2
        vertex 3.5850158 11.818213 2
    endloop
endfacet
facet normal 0 0 1
    outer loop
        vertex 3.5232127 14.065453 2
        vertex 2.4093654 12.112699 2
        vertex 3.0008051 11.979886 2
    endloop
endfacet
facet normal 0 0 1
    outer loop
        vertex 3.5232127 14.065453 2
        vertex 2.8288097 14.221387 2
        vertex 2.4093654 12.112699 2
    endloop
endfacet
facet normal 0 -0 1
    outer loop
        vertex 2.4093654 12.112699 2
        vertex 2.8288097 14.221387 2
        vertex 1.8121214 12.21633 2
    endloop
endfacet
facet normal 0 -0 1
    outer loop
        vertex 1.8121214 12.21633 2
        vertex 2.127592 14.34306 2
        vertex 1.2105117 12.290532 2
    endloop
endfacet
facet normal 0 -0 1
    outer loop
        vertex 1.2105117 12.290532 2
        vertex 1.4212486 14.430179 2
        vertex 0.60598576 12.335123 2
    endloop
endfacet
facet normal 0 -0 1
    outer loop
        vertex -1.2105117 12.290532 2
        vertex -0.7114813 14.482534 2
        vertex -1.4212486 14.430179 2
    endloop
endfacet
facet normal -0 0 1
    outer loop
        vertex -0.7114813 14.482534 2
        vertex -0.60598576 12.335123 2
        vertex 0.0000000000000008878689 14.5 2
    endloop
endfacet
facet normal 0 0 1
    outer loop
        vertex -1.8121214 12.21633 2
        vertex -2.127592 14.34306 2
        vertex -2.4093654 12.112699 2
    endloop
endfacet
facet normal 0 0 0.99999994
    outer loop
        vertex -2.4093654 12.112699 2
        vertex -2.8288097 14.221387 2
        vertex -3.0008051 11.979886 2
    endloop
endfacet
facet normal 0 0 1
    outer loop
        vertex -3.0008051 11.979886 2
        vertex -3.5232127 14.065453 2
        vertex -3.5850158 11.818213 2
    endloop
endfacet
facet normal 0 0 1
    outer loop
        vertex -3.5850158 11.818213 2
        vertex -4.209128 13.875634 2
        vertex -4.1605897 11.628069 2
    endloop
endfacet
facet normal 0 0 1
    outer loop
        vertex -4.884903 13.652389 2
        vertex -5.5489097 13.396253 2
        vertex -4.7261405 11.409912 2
    endloop
endfacet
facet normal 0 0 1
    outer loop
        vertex -5.5489097 13.396253 2
        vertex -6.1995487 13.107844 2
        vertex -5.280306 11.164268 2
    endloop
endfacet
facet normal 0 0 1
    outer loop
        vertex -6.1995487 13.107844 2
        vertex -6.8352523 12.787858 2
        vertex -5.8217497 10.891727 2
    endloop
endfacet
facet normal 0 0 1
    outer loop
        vertex -6.8352523 12.787858 2
        vertex -7.4544897 12.437065 2
        vertex -6.349169 10.592949 2
    endloop
endfacet
facet normal 0 0 0.99999994
    outer loop
        vertex -7.4544897 12.437065 2
        vertex -8.055768 12.05631 2
        vertex -6.8612924 10.26865 2
    endloop
endfacet
facet normal 0 0 1
    outer loop
        vertex -8.055768 12.05631 2
        vertex -8.63764 11.646509 2
        vertex -7.3568864 9.919613 2
    endloop
endfacet
facet normal 0 0 0.99999994
    outer loop
        vertex -8.63764 11.646509 2
        vertex -9.198703 11.208652 2
        vertex -7.834757 9.5466795 2
    endloop
endfacet
facet normal 0 0 1
    outer loop
        vertex -9.198703 11.208652 2
        vertex -9.737605 10.743792 2
        vertex -8.293754 9.150746 2
    endloop
endfacet
facet normal 0 0 1
    outer loop
        vertex -9.737605 10.743792 2
        vertex -10.253049 10.253049 2
        vertex -8.732769 8.732769 2
    endloop
endfacet
facet normal 0 0 1
    outer loop
        vertex -10.253049 10.253049 2
        vertex -10.743792 9.737605 2
        vertex -9.150746 8.293754 2
    endloop
endfacet
facet normal 0 0 1
    outer loop
        vertex -10.743792 9.737605 2
        vertex -11.208652 9.198703 2
        vertex -9.5466795 7.834757 2
    endloop
endfacet
facet normal 0 0 1
    outer loop
        vertex -11.208652 9.198703 2
        vertex -11.646509 8.63764 2
        vertex -9.919613 7.3568864 2
    endloop
endfacet
facet normal 0 0 1
    outer loop
        vertex -9.919613 7.3568864 2
        vertex -11.646509 8.63764 2
        vertex -10.26865 6.8612924 2
    endloop
endfacet
facet normal 0 0 1
    outer loop
        vertex -10.26865 6.8612924 2
        vertex -12.05631 8.055768 2
        vertex -10.592949 6.349169 2
    endloop
endfacet
facet normal 0 0 1
    outer loop
        vertex -10.592949 6.349169 2
        vertex -12.437065 7.4544897 2
        vertex -10.891727 5.8217497 2
    endloop
endfacet
facet normal 0 -0 1
    outer loop
        vertex -11.164268 5.280306 2
        vertex -10.891727 5.8217497 2
        vertex -12.787858 6.8352523 2
    endloop
endfacet
facet normal -0 0 1
    outer loop
        vertex -13.107844 6.1995487 2
        vertex -11.164268 5.280306 2
        vertex -12.787858 6.8352523 2
    endloop
endfacet
facet normal -0 0 1
    outer loop
        vertex -13.396253 5.5489097 2
        vertex -11.409912 4.7261405 2
        vertex -13.107844 6.1995487 2
    endloop
endfacet
facet normal -0 0 1
    outer loop
        vertex -13.652389 4.884903 2
        vertex -11.628069 4.1605897 2
        vertex -13.396253 5.5489097 2
    endloop
endfacet
facet normal 0 0 1
    outer loop
        vertex -13.652389 4.884903 2
        vertex -11.818213 3.5850158 2
        vertex -11.628069 4.1605897 2
    endloop
endfacet
facet normal 0 0 1
    outer loop
        vertex 0.7114813 14.482534 2
        vertex 0.0000000000000008878689 14.5 2
        vertex 0.00000000000000075621937 12.35 2
    endloop
endfacet
facet normal 0 0 1
    outer loop
        vertex -14.065453 3.5232127 2
        vertex -12.112699 2.4093654 2
        vertex -11.979886 3.0008051 2
    endloop
endfacet
facet normal 0 0 1
    outer loop
        vertex -14.065453 3.5232127 2
        vertex -14.221387 2.8288097 2
        vertex -12.112699 2.4093654 2
    endloop
endfacet
facet normal 0 0 1
    outer loop
        vertex -12.112699 2.4093654 2
        vertex -14.221387 2.8288097 2
        vertex -12.21633 1.8121214 2
    endloop
endfacet
facet normal 0 0 1
    outer loop
        vertex -12.21633 1.8121214 2
        vertex -14.34306 2.127592 2
        vertex -12.290532 1.2105117 2
    endloop
endfacet
facet normal 0 0 1
    outer loop
        vertex -12.290532 1.2105117 2
        vertex -14.430179 1.4212486 2
        vertex -12.335123 0.60598576 2
    endloop
endfacet
facet normal 0 0 1
    outer loop
        vertex -12.290532 -1.2105117 2
        vertex -14.482534 -0.7114813 2
        vertex -14.430179 -1.4212486 2
    endloop
endfacet
facet normal 0 -0 1
    outer loop
        vertex -14.482534 -0.7114813 2
        vertex -12.335123 -0.60598576 2
        vertex -14.5 0.0000000000000017757378 2
    endloop
endfacet
facet normal 0 0 1
    outer loop
        vertex -12.21633 -1.8121214 2
        vertex -14.34306 -2.127592 2
        vertex -12.112699 -2.4093654 2
    endloop
endfacet
facet normal 0 0 0.99999994
    outer loop
        vertex -12.112699 -2.4093654 2
        vertex -14.221387 -2.8288097 2
        vertex -11.979886 -3.0008051 2
    endloop
endfacet
facet normal 0 0 1
    outer loop
        vertex -11.979886 -3.0008051 2
        vertex -14.065453 -3.5232127 2
        vertex -11.818213 -3.5850158 2
    endloop
endfacet
facet normal 0 0 1
    outer loop
        vertex -11.818213 -3.5850158 2
        vertex -13.875634 -4.209128 2
        vertex -11.628069 -4.1605897 2
    endloop
endfacet
facet normal -0 0 1
    outer loop
        vertex -13.652389 -4.884903 2
        vertex -13.396253 -5.5489097 2
        vertex -11.409912 -4.7261405 2
    endloop
endfacet
facet normal -0 0 1
    outer loop
        vertex -13.396253 -5.5489097 2
        vertex -13.107844 -6.1995487 2
        vertex -11.164268 -5.280306 2
    endloop
endfacet
facet normal -0 0 1
    outer loop
        vertex -13.107844 -6.1995487 2
        vertex -12.787858 -6.8352523 2
        vertex -10.891727 -5.8217497 2
    endloop
endfacet
facet normal -0 0 1
    outer loop
        vertex -12.787858 -6.8352523 2
        vertex -12.437065 -7.4544897 2
        vertex -10.592949 -6.349169 2
    endloop
endfacet
facet normal -0 0 0.99999994
    outer loop
        vertex -12.437065 -7.4544897 2
        vertex -12.05631 -8.055768 2
        vertex -10.26865 -6.8612924 2
    endloop
endfacet
facet normal -0 0 1
    outer loop
        vertex -12.05631 -8.055768 2
        vertex -11.646509 -8.63764 2
        vertex -9.919613 -7.3568864 2
    endloop
endfacet
facet normal -0 0 0.99999994
    outer loop
        vertex -11.646509 -8.63764 2
        vertex -11.208652 -9.198703 2
        vertex -9.5466795 -7.834757 2
    endloop
endfacet
facet normal -0 0 1
    outer loop
        vertex -11.208652 -9.198703 2
        vertex -10.743792 -9.737605 2
        vertex -9.150746 -8.293754 2
    endloop
endfacet
facet normal -0 0 1
    outer loop
        vertex -10.743792 -9.737605 2
        vertex -10.253049 -10.253049 2
        vertex -8.732769 -8.732769 2
    endloop
endfacet
facet normal -0 0 1
    outer loop
        vertex -10.253049 -10.253049 2
        vertex -9.737605 -10.743792 2
        vertex -8.293754 -9.150746 2
    endloop
endfacet
facet normal -0 0 1
    outer loop
        vertex -9.737605 -10.743792 2
        vertex -9.198703 -11.208652 2
        vertex -7.834757 -9.5466795 2
    endloop
endfacet
facet normal -0 0 1
    outer loop
        vertex -9.198703 -11.208652 2
        vertex -8.63764 -11.646509 2
        vertex -7.3568864 -9.919613 2
    endloop
endfacet
facet normal 0 0 1
    outer loop
        vertex -7.3568864 -9.919613 2
        vertex -8.63764 -11.646509 2
        vertex -6.8612924 -10.26865 2
    endloop
endfacet
facet normal 0 0 1
    outer loop
        vertex -6.8612924 -10.26865 2
        vertex -8.055768 -12.05631 2
        vertex -6.349169 -10.592949 2
    endloop
endfacet
facet normal 0 0 1
    outer loop
        vertex -6.349169 -10.592949 2
        vertex -7.4544897 -12.437065 2
        vertex -5.8217497 -10.891727 2
    endloop
endfacet
facet normal 0 0 1
    outer loop
        vertex -5.280306 -11.164268 2
        vertex -5.8217497 -10.891727 2
        vertex -6.8352523 -12.787858 2
    endloop
endfacet
facet normal 0 -0 1
    outer loop
        vertex -6.1995487 -13.107844 2
        vertex -5.280306 -11.164268 2
        vertex -6.8352523 -12.787858 2
    endloop
endfacet
facet normal 0 -0 1
    outer loop
        vertex -5.5489097 -13.396253 2
        vertex -4.7261405 -11.409912 2
        vertex -6.1995487 -13.107844 2
    endloop
endfacet
facet normal 0 -0 1
    outer loop
        vertex -4.884903 -13.652389 2
        vertex -4.1605897 -11.628069 2
        vertex -5.5489097 -13.396253 2
    endloop
endfacet
facet normal 0 0 1
    outer loop
        vertex -4.884903 -13.652389 2
        vertex -3.5850158 -11.818213 2
        vertex -4.1605897 -11.628069 2
    endloop
endfacet
facet normal 0 0 0.99999994
    outer loop
        vertex -4.209128 -13.875634 2
        vertex -3.0008051 -11.979886 2
        vertex -3.5850158 -11.818213 2
    endloop
endfacet
facet normal 0 0 1
    outer loop
        vertex -3.5232127 -14.065453 2
        vertex -2.4093654 -12.112699 2
        vertex -3.0008051 -11.979886 2
    endloop
endfacet
facet normal -0 0 1
    outer loop
        vertex -3.5232127 -14.065453 2
        vertex -2.8288097 -14.221387 2
        vertex -2.4093654 -12.112699 2
    endloop
endfacet
facet normal 0 0 1
    outer loop
        vertex -2.4093654 -12.112699 2
        vertex -2.8288097 -14.221387 2
        vertex -1.8121214 -12.21633 2
    endloop
endfacet
facet normal 0 0 1
    outer loop
        vertex -1.8121214 -12.21633 2
        vertex -2.127592 -14.34306 2
        vertex -1.2105117 -12.290532 2
    endloop
endfacet
facet normal 0 0 1
    outer loop
        vertex -1.2105117 -12.290532 2
        vertex -1.4212486 -14.430179 2
        vertex -0.60598576 -12.335123 2
    endloop
endfacet
facet normal 0 0 1
    outer loop
        vertex 1.2105117 -12.290532 2
        vertex 0.7114813 -14.482534 2
        vertex 1.4212486 -14.430179 2
    endloop
endfacet
facet normal 0 0 1
    outer loop
        vertex 0.7114813 -14.482534 2
        vertex 0.60598576 -12.335123 2
        vertex -0.0000000000000026636067 -14.5 2
    endloop
endfacet
facet normal -0 0 1
    outer loop
        vertex 1.8121214 -12.21633 2
        vertex 2.127592 -14.34306 2
        vertex 2.4093654 -12.112699 2
    endloop
endfacet
facet normal -0 0 0.99999994
    outer loop
        vertex 2.4093654 -12.112699 2
        vertex 2.8288097 -14.221387 2
        vertex 3.0008051 -11.979886 2
    endloop
endfacet
facet normal -0 0 1
    outer loop
        vertex 3.0008051 -11.979886 2
        vertex 3.5232127 -14.065453 2
        vertex 3.5850158 -11.818213 2
    endloop
endfacet
facet normal -0 0 1
    outer loop
        vertex 3.5850158 -11.818213 2
        vertex 4.209128 -13.875634 2
        vertex 4.1605897 -11.628069 2
    endloop
endfacet
facet normal 0 -0 1
    outer loop
        vertex 4.884903 -13.652389 2
        vertex 5.5489097 -13.396253 2
        vertex 4.7261405 -11.409912 2
    endloop
endfacet
facet normal 0 -0 1
    outer loop
        vertex 5.5489097 -13.396253 2
        vertex 6.1995487 -13.107844 2
        vertex 5.280306 -11.164268 2
    endloop
endfacet
facet normal 0 -0 1
    outer loop
        vertex 6.1995487 -13.107844 2
        vertex 6.8352523 -12.787858 2
        vertex 5.8217497 -10.891727 2
    endloop
endfacet
facet normal 0 -0 1
    outer loop
        vertex 6.8352523 -12.787858 2
        vertex 7.4544897 -12.437065 2
        vertex 6.349169 -10.592949 2
    endloop
endfacet
facet normal 0 -0 0.99999994
    outer loop
        vertex 7.4544897 -12.437065 2
        vertex 8.055768 -12.05631 2
        vertex 6.8612924 -10.26865 2
    endloop
endfacet
facet normal 0 -0 1
    outer loop
        vertex 8.055768 -12.05631 2
        vertex 8.63764 -11.646509 2
        vertex 7.3568864 -9.919613 2
    endloop
endfacet
facet normal 0 -0 0.99999994
    outer loop
        vertex 8.63764 -11.646509 2
        vertex 9.198703 -11.208652 2
        vertex 7.834757 -9.5466795 2
    endloop
endfacet
facet normal 0 -0 1
    outer loop
        vertex 9.198703 -11.208652 2
        vertex 9.737605 -10.743792 2
        vertex 8.293754 -9.150746 2
    endloop
endfacet
facet normal 0 -0 1
    outer loop
        vertex 9.737605 -10.743792 2
        vertex 10.253049 -10.253049 2
        vertex 8.732769 -8.732769 2
    endloop
endfacet
facet normal 0 -0 1
    outer loop
        vertex 10.253049 -10.253049 2
        vertex 10.743792 -9.737605 2
        vertex 9.150746 -8.293754 2
    endloop
endfacet
facet normal 0 -0 1
    outer loop
        vertex 10.743792 -9.737605 2
        vertex 11.208652 -9.198703 2
        vertex 9.5466795 -7.834757 2
    endloop
endfacet
facet normal 0 -0 1
    outer loop
        vertex 11.208652 -9.198703 2
        vertex 11.646509 -8.63764 2
        vertex 9.919613 -7.3568864 2
    endloop
endfacet
facet normal -0 0 1
    outer loop
        vertex 9.919613 -7.3568864 2
        vertex 11.646509 -8.63764 2
        vertex 10.26865 -6.8612924 2
    endloop
endfacet
facet normal -0 0 1
    outer loop
        vertex 10.26865 -6.8612924 2
        vertex 12.05631 -8.055768 2
        vertex 10.592949 -6.349169 2
    endloop
endfacet
facet normal -0 0 1
    outer loop
        vertex 10.592949 -6.349169 2
        vertex 12.437065 -7.4544897 2
        vertex 10.891727 -5.8217497 2
    endloop
endfacet
facet normal 0 0 1
    outer loop
        vertex 12.787858 -6.8352523 2
        vertex 10.891727 -5.8217497 2
        vertex 12.437065 -7.4544897 2
    endloop
endfacet
facet normal 0 0 1
    outer loop
        vertex 13.107844 -6.1995487 2
        vertex 11.164268 -5.280306 2
        vertex 12.787858 -6.8352523 2
    endloop
endfacet
facet normal 0 0 1
    outer loop
        vertex 11.628069 -4.1605897 2
        vertex 11.409912 -4.7261405 2
        vertex 13.396253 -5.5489097 2
    endloop
endfacet
facet normal 0 0 1
    outer loop
        vertex 11.818213 -3.5850158 2
        vertex 13.652389 -4.884903 2
        vertex 13.875634 -4.209128 2
    endloop
endfacet
facet normal -0 0 1
    outer loop
        vertex 11.979886 -3.0008051 2
        vertex 14.065453 -3.5232127 2
        vertex 12.112699 -2.4093654 2
    endloop
endfacet
facet normal 0 -0 1
    outer loop
        vertex 14.221387 -2.8288097 2
        vertex 14.34306 -2.127592 2
        vertex 12.21633 -1.8121214 2
    endloop
endfacet
facet normal 0 0 1
    outer loop
        vertex -14.482534 0.7114813 2
        vertex -14.5 0.0000000000000017757378 2
        vertex -12.35 0.0000000000000015124387 2
    endloop
endfacet
facet normal -0 0 1
    outer loop
        vertex -0.7114813 -14.482534 2
        vertex -0.0000000000000026636067 -14.5 2
        vertex -0.0000000000000022686583 -12.35 2
    endloop
endfacet
facet normal 0 0 0.99999994
    outer loop
        vertex -13.875634 4.209128 2
        vertex -11.979886 3.0008051 2
        vertex -11.818213 3.5850158 2
    endloop
endfacet
facet normal 0 0 1
    outer loop
        vertex 14.5 -0 2
        vertex 12.35 -0 2
        vertex 12.335123 -0.60598576 2
    endloop
endfacet
facet normal 0 0 1
    outer loop
        vertex 12.335123 -0.60598576 2
        vertex 12.290532 -1.2105117 2
        vertex 14.430179 -1.4212486 2
    endloop
endfacet
facet normal -0.99969888 0.02454082 0
    outer loop
        vertex -14.482534 0.7114813 0
        vertex -14.5 -0.0000000000000017757378 0
        vertex -14.482534 0.7114813 2
    endloop
endfacet
facet normal -0.99729055 0.07356483 0
    outer loop
        vertex -14.430179 1.4212486 0
        vertex -14.482534 0.7114813 0
        vertex -14.482534 0.7114813 2
    endloop
endfacet
facet normal -0.99247956 0.1224106 0
    outer loop
        vertex -14.34306 2.127592 0
        vertex -14.430179 1.4212486 0
        vertex -14.430179 1.4212486 2
    endloop
endfacet
facet normal -0.99247956 0.1224106 0
    outer loop
        vertex -14.34306 2.127592 2
        vertex -14.34306 2.127592 0
        vertex -14.430179 1.4212486 2
    endloop
endfacet
facet normal -0.98527765 0.17096165 0
    outer loop
        vertex -14.221387 2.8288097 2
        vertex -14.221387 2.8288097 0
        vertex -14.34306 2.127592 2
    endloop
endfacet
facet normal -0.97570181 0.21910249 0
    outer loop
        vertex -14.221387 2.8288097 2
        vertex -14.065453 3.5232127 0
        vertex -14.221387 2.8288097 0
    endloop
endfacet
facet normal -0.96377605 0.26671284 0
    outer loop
        vertex -14.065453 3.5232127 2
        vertex -13.875634 4.209128 0
        vertex -14.065453 3.5232127 0
    endloop
endfacet
facet normal -0.96377605 0.26671284 0
    outer loop
        vertex -14.065453 3.5232127 2
        vertex -13.875634 4.209128 2
        vertex -13.875634 4.209128 0
    endloop
endfacet
facet normal -0.94952828 0.31368136 0
    outer loop
        vertex -13.875634 4.209128 2
        vertex -13.652389 4.884903 2
        vertex -13.652389 4.884903 0
    endloop
endfacet
facet normal -0.93299264 0.35989538 0
    outer loop
        vertex -13.652389 4.884903 0
        vertex -13.652389 4.884903 2
        vertex -13.396253 5.5489097 0
    endloop
endfacet
facet normal -0.9142099 0.40524113 0
    outer loop
        vertex -13.396253 5.5489097 0
        vertex -13.396253 5.5489097 2
        vertex -13.107844 6.1995487 0
    endloop
endfacet
facet normal -0.9142099 0.40524113 0
    outer loop
        vertex -13.107844 6.1995487 0
        vertex -13.396253 5.5489097 2
        vertex -13.107844 6.1995487 2
    endloop
endfacet
facet normal -0.89322436 0.44961143 0
    outer loop
        vertex -12.787858 6.8352523 0
        vertex -13.107844 6.1995487 2
        vertex -12.787858 6.8352523 2
    endloop
endfacet
facet normal -0.87008744 0.49289736 0
    outer loop
        vertex -12.437065 7.4544897 0
        vertex -12.787858 6.8352523 0
        vertex -12.787858 6.8352523 2
    endloop
endfacet
facet normal -0.84485346 0.53499776 0
    outer loop
        vertex -12.05631 8.055768 0
        vertex -12.437065 7.4544897 0
        vertex -12.437065 7.4544897 2
    endloop
endfacet
facet normal -0.84485346 0.53499776 0
    outer loop
        vertex -12.05631 8.055768 2
        vertex -12.05631 8.055768 0
        vertex -12.437065 7.4544897 2
    endloop
endfacet
facet normal -0.81758481 0.57580823 0
    outer loop
        vertex -11.646509 8.63764 2
        vertex -11.646509 8.63764 0
        vertex -12.05631 8.055768 2
    endloop
endfacet
facet normal -0.78834647 0.61523151 0
    outer loop
        vertex -11.646509 8.63764 2
        vertex -11.208652 9.198703 0
        vertex -11.646509 8.63764 0
    endloop
endfacet
facet normal -0.75720906 0.65317255 0
    outer loop
        vertex -11.208652 9.198703 2
        vertex -10.743792 9.737605 0
        vertex -11.208652 9.198703 0
    endloop
endfacet
facet normal -0.75720906 0.65317255 0
    outer loop
        vertex -11.208652 9.198703 2
        vertex -10.743792 9.737605 2
        vertex -10.743792 9.737605 0
    endloop
endfacet
facet normal -0.72424757 0.68954015 0
    outer loop
        vertex -10.743792 9.737605 2
        vertex -10.253049 10.253049 2
        vertex -10.253049 10.253049 0
    endloop
endfacet
facet normal -0.65317255 0.75720906 0
    outer loop
        vertex -9.737605 10.743792 0
        vertex -9.737605 10.743792 2
        vertex -9.198703 11.208652 0
    endloop
endfacet
facet normal -0.61523151 0.78834647 0
    outer loop
        vertex -9.198703 11.208652 0
        vertex -9.198703 11.208652 2
        vertex -8.63764 11.646509 0
    endloop
endfacet
facet normal -0.57580823 0.81758481 0
    outer loop
        vertex -8.63764 11.646509 0
        vertex -8.63764 11.646509 2
        vertex -8.055768 12.05631 0
    endloop
endfacet
facet normal -0.53499776 0.84485346 0
    outer loop
        vertex -8.055768 12.05631 0
        vertex -8.055768 12.05631 2
        vertex -7.4544897 12.437065 0
    endloop
endfacet
facet normal -0.49289736 0.87008744 0
    outer loop
        vertex -7.4544897 12.437065 2
        vertex -6.8352523 12.787858 2
        vertex -6.8352523 12.787858 0
    endloop
endfacet
facet normal -0.44961143 0.89322436 0
    outer loop
        vertex -6.8352523 12.787858 2
        vertex -6.1995487 13.107844 2
        vertex -6.1995487 13.107844 0
    endloop
endfacet
facet normal -0.40524113 0.9142099 0
    outer loop
        vertex -6.1995487 13.107844 2
        vertex -5.5489097 13.396253 2
        vertex -5.5489097 13.396253 0
    endloop
endfacet
facet normal -0.35989538 0.93299264 0
    outer loop
        vertex -5.5489097 13.396253 2
        vertex -4.884903 13.652389 2
        vertex -4.884903 13.652389 0
    endloop
endfacet
facet normal -0.26671284 0.96377605 0
    outer loop
        vertex -4.209128 13.875634 2
        vertex -3.5232127 14.065453 0
        vertex -4.209128 13.875634 0
    endloop
endfacet
facet normal -0.21910249 0.97570181 0
    outer loop
        vertex -3.5232127 14.065453 2
        vertex -2.8288097 14.221387 0
        vertex -3.5232127 14.065453 0
    endloop
endfacet
facet normal -0.17096165 0.98527765 0
    outer loop
        vertex -2.8288097 14.221387 2
        vertex -2.127592 14.34306 0
        vertex -2.8288097 14.221387 0
    endloop
endfacet
facet normal -0.1224106 0.99247956 0
    outer loop
        vertex -2.127592 14.34306 2
        vertex -1.4212486 14.430179 0
        vertex -2.127592 14.34306 0
    endloop
endfacet
facet normal -0.07356483 0.99729055 0
    outer loop
        vertex -0.7114813 14.482534 2
        vertex -0.7114813 14.482534 0
        vertex -1.4212486 14.430179 2
    endloop
endfacet
facet normal -0.02454082 0.99969888 0
    outer loop
        vertex 0.0000000000000008878689 14.5 2
        vertex -0.0000000000000026636067 14.5 0
        vertex -0.7114813 14.482534 2
    endloop
endfacet
facet normal 0.02454082 0.99969888 0
    outer loop
        vertex 0.7114813 14.482534 2
        vertex 0.7114813 14.482534 0
        vertex 0.0000000000000008878689 14.5 2
    endloop
endfacet
facet normal 0.07356483 0.99729055 0
    outer loop
        vertex 1.4212486 14.430179 2
        vertex 1.4212486 14.430179 0
        vertex 0.7114813 14.482534 2
    endloop
endfacet
facet normal 0.1224106 0.99247956 0
    outer loop
        vertex 2.127592 14.34306 2
        vertex 2.127592 14.34306 0
        vertex 1.4212486 14.430179 2
    endloop
endfacet
facet normal 0.21910249 0.97570181 0
    outer loop
        vertex 3.5232127 14.065453 0
        vertex 2.8288097 14.221387 0
        vertex 2.8288097 14.221387 2
    endloop
endfacet
facet normal 0.26671284 0.96377605 0
    outer loop
        vertex 4.209128 13.875634 0
        vertex 3.5232127 14.065453 0
        vertex 3.5232127 14.065453 2
    endloop
endfacet
facet normal 0.31368136 0.94952828 0
    outer loop
        vertex 4.884903 13.652389 0
        vertex 4.209128 13.875634 0
        vertex 4.209128 13.875634 2
    endloop
endfacet
facet normal 0.35989538 0.93299264 0
    outer loop
        vertex 5.5489097 13.396253 0
        vertex 4.884903 13.652389 0
        vertex 4.884903 13.652389 2
    endloop
endfacet
facet normal 0.40524113 0.9142099 -0
    outer loop
        vertex 6.1995487 13.107844 0
        vertex 5.5489097 13.396253 2
        vertex 6.1995487 13.107844 2
    endloop
endfacet
facet normal 0.44961143 0.89322436 -0
    outer loop
        vertex 6.8352523 12.787858 0
        vertex 6.1995487 13.107844 2
        vertex 6.8352523 12.787858 2
    endloop
endfacet
facet normal 0.49289736 0.87008744 -0
    outer loop
        vertex 7.4544897 12.437065 0
        vertex 6.8352523 12.787858 2
        vertex 7.4544897 12.437065 2
    endloop
endfacet
facet normal 0.53499776 0.84485346 -0
    outer loop
        vertex 8.055768 12.05631 0
        vertex 7.4544897 12.437065 2
        vertex 8.055768 12.05631 2
    endloop
endfacet
facet normal 0.57580823 0.81758481 -0
    outer loop
        vertex 8.63764 11.646509 0
        vertex 8.055768 12.05631 2
        vertex 8.63764 11.646509 2
    endloop
endfacet
facet normal 0.65317255 0.75720906 -0
    outer loop
        vertex 9.198703 11.208652 0
        vertex 9.198703 11.208652 2
        vertex 9.737605 10.743792 0
    endloop
endfacet
facet normal 0.68954015 0.72424757 -0
    outer loop
        vertex 9.737605 10.743792 0
        vertex 9.737605 10.743792 2
        vertex 10.253049 10.253049 0
    endloop
endfacet
facet normal 0.72424757 0.68954015 -0
    outer loop
        vertex 10.253049 10.253049 0
        vertex 10.253049 10.253049 2
        vertex 10.743792 9.737605 0
    endloop
endfacet
facet normal 0.75720906 0.65317255 -0
    outer loop
        vertex 10.743792 9.737605 0
        vertex 10.743792 9.737605 2
        vertex 11.208652 9.198703 0
    endloop
endfacet
facet normal 0.78834647 0.61523151 -0
    outer loop
        vertex 11.208652 9.198703 0
        vertex 11.208652 9.198703 2
        vertex 11.646509 8.63764 0
    endloop
endfacet
facet normal 0.81758481 0.57580823 -0
    outer loop
        vertex 11.646509 8.63764 0
        vertex 11.646509 8.63764 2
        vertex 12.05631 8.055768 0
    endloop
endfacet
facet normal 0.84485346 0.53499776 0
    outer loop
        vertex 12.05631 8.055768 2
        vertex 12.437065 7.4544897 2
        vertex 12.437065 7.4544897 0
    endloop
endfacet
facet normal 0.87008744 0.49289736 0
    outer loop
        vertex 12.437065 7.4544897 2
        vertex 12.787858 6.8352523 2
        vertex 12.787858 6.8352523 0
    endloop
endfacet
facet normal 0.89322436 0.44961143 0
    outer loop
        vertex 12.787858 6.8352523 2
        vertex 13.107844 6.1995487 2
        vertex 13.107844 6.1995487 0
    endloop
endfacet
facet normal 0.9142099 0.40524113 0
    outer loop
        vertex 13.107844 6.1995487 2
        vertex 13.396253 5.5489097 2
        vertex 13.396253 5.5489097 0
    endloop
endfacet
facet normal 0.93299264 0.35989538 0
    outer loop
        vertex 13.396253 5.5489097 2
        vertex 13.652389 4.884903 2
        vertex 13.652389 4.884903 0
    endloop
endfacet
facet normal 0.94952828 0.31368136 0
    outer loop
        vertex 13.652389 4.884903 2
        vertex 13.875634 4.209128 2
        vertex 13.875634 4.209128 0
    endloop
endfacet
facet normal 0.96377605 0.26671284 0
    outer loop
        vertex 13.875634 4.209128 2
        vertex 14.065453 3.5232127 2
        vertex 14.065453 3.5232127 0
    endloop
endfacet
facet normal 0.97570181 0.21910249 0
    outer loop
        vertex 14.065453 3.5232127 2
        vertex 14.221387 2.8288097 2
        vertex 14.221387 2.8288097 0
    endloop
endfacet
facet normal 0.99247956 0.1224106 0
    outer loop
        vertex 14.34306 2.127592 2
        vertex 14.430179 1.4212486 0
        vertex 14.34306 2.127592 0
    endloop
endfacet
facet normal 0.99969888 0.02454082 -0
    outer loop
        vertex 14.5 -0 0
        vertex 14.482534 0.7114813 2
        vertex 14.5 -0 2
    endloop
endfacet
facet normal 0.99729055 0.07356483 -0
    outer loop
        vertex 14.430179 1.4212486 0
        vertex 14.430179 1.4212486 2
        vertex 14.482534 0.7114813 0
    endloop
endfacet
facet normal 0.99969888 0.02454082 -0
    outer loop
        vertex 14.482534 0.7114813 0
        vertex 14.482534 0.7114813 2
        vertex 14.5 -0 0
    endloop
endfacet
facet normal 0.99247956 0.1224106 0
    outer loop
        vertex 14.34306 2.127592 2
        vertex 14.430179 1.4212486 2
        vertex 14.430179 1.4212486 0
    endloop
endfacet
facet normal 0.98527765 0.17096165 0
    outer loop
        vertex 14.221387 2.8288097 2
        vertex 14.34306 2.127592 2
        vertex 14.34306 2.127592 0
    endloop
endfacet
facet normal 0.98527765 0.17096165 -0
    outer loop
        vertex 14.221387 2.8288097 0
        vertex 14.221387 2.8288097 2
        vertex 14.34306 2.127592 0
    endloop
endfacet
facet normal 0.97570181 0.21910249 -0
    outer loop
        vertex 14.065453 3.5232127 0
        vertex 14.065453 3.5232127 2
        vertex 14.221387 2.8288097 0
    endloop
endfacet
facet normal 0.96377605 0.26671284 -0
    outer loop
        vertex 13.875634 4.209128 0
        vertex 13.875634 4.209128 2
        vertex 14.065453 3.5232127 0
    endloop
endfacet
facet normal 0.94952828 0.31368136 -0
    outer loop
        vertex 13.652389 4.884903 0
        vertex 13.652389 4.884903 2
        vertex 13.875634 4.209128 0
    endloop
endfacet
facet normal 0.93299264 0.35989538 -0
    outer loop
        vertex 13.396253 5.5489097 0
        vertex 13.396253 5.5489097 2
        vertex 13.652389 4.884903 0
    endloop
endfacet
facet normal 0.9142099 0.40524113 -0
    outer loop
        vertex 13.107844 6.1995487 0
        vertex 13.107844 6.1995487 2
        vertex 13.396253 5.5489097 0
    endloop
endfacet
facet normal 0.89322436 0.44961143 -0
    outer loop
        vertex 12.787858 6.8352523 0
        vertex 12.787858 6.8352523 2
        vertex 13.107844 6.1995487 0
    endloop
endfacet
facet normal 0.87008744 0.49289736 -0
    outer loop
        vertex 12.437065 7.4544897 0
        vertex 12.437065 7.4544897 2
        vertex 12.787858 6.8352523 0
    endloop
endfacet
facet normal 0.84485346 0.53499776 -0
    outer loop
        vertex 12.05631 8.055768 0
        vertex 12.05631 8.055768 2
        vertex 12.437065 7.4544897 0
    endloop
endfacet
facet normal 0.81758481 0.57580823 -0
    outer loop
        vertex 12.05631 8.055768 0
        vertex 11.646509 8.63764 2
        vertex 12.05631 8.055768 2
    endloop
endfacet
facet normal 0.78834647 0.61523151 -0
    outer loop
        vertex 11.646509 8.63764 0
        vertex 11.208652 9.198703 2
        vertex 11.646509 8.63764 2
    endloop
endfacet
facet normal 0.75720906 0.65317255 -0
    outer loop
        vertex 11.208652 9.198703 0
        vertex 10.743792 9.737605 2
        vertex 11.208652 9.198703 2
    endloop
endfacet
facet normal 0.72424757 0.68954015 -0
    outer loop
        vertex 10.743792 9.737605 0
        vertex 10.253049 10.253049 2
        vertex 10.743792 9.737605 2
    endloop
endfacet
facet normal 0.68954015 0.72424757 -0
    outer loop
        vertex 10.253049 10.253049 0
        vertex 9.737605 10.743792 2
        vertex 10.253049 10.253049 2
    endloop
endfacet
facet normal 0.65317255 0.75720906 -0
    outer loop
        vertex 9.737605 10.743792 0
        vertex 9.198703 11.208652 2
        vertex 9.737605 10.743792 2
    endloop
endfacet
facet normal 0.61523151 0.78834647 -0
    outer loop
        vertex 9.198703 11.208652 0
        vertex 8.63764 11.646509 2
        vertex 9.198703 11.208652 2
    endloop
endfacet
facet normal 0.61523151 0.78834647 0
    outer loop
        vertex 9.198703 11.208652 0
        vertex 8.63764 11.646509 0
        vertex 8.63764 11.646509 2
    endloop
endfacet
facet normal 0.57580823 0.81758481 0
    outer loop
        vertex 8.63764 11.646509 0
        vertex 8.055768 12.05631 0
        vertex 8.055768 12.05631 2
    endloop
endfacet
facet normal 0.53499776 0.84485346 0
    outer loop
        vertex 8.055768 12.05631 0
        vertex 7.4544897 12.437065 0
        vertex 7.4544897 12.437065 2
    endloop
endfacet
facet normal 0.49289736 0.87008744 0
    outer loop
        vertex 7.4544897 12.437065 0
        vertex 6.8352523 12.787858 0
        vertex 6.8352523 12.787858 2
    endloop
endfacet
facet normal 0.44961143 0.89322436 0
    outer loop
        vertex 6.8352523 12.787858 0
        vertex 6.1995487 13.107844 0
        vertex 6.1995487 13.107844 2
    endloop
endfacet
facet normal 0.40524113 0.9142099 0
    outer loop
        vertex 6.1995487 13.107844 0
        vertex 5.5489097 13.396253 0
        vertex 5.5489097 13.396253 2
    endloop
endfacet
facet normal 0.35989538 0.93299264 0
    outer loop
        vertex 5.5489097 13.396253 2
        vertex 5.5489097 13.396253 0
        vertex 4.884903 13.652389 2
    endloop
endfacet
facet normal 0.31368136 0.94952828 0
    outer loop
        vertex 4.884903 13.652389 2
        vertex 4.884903 13.652389 0
        vertex 4.209128 13.875634 2
    endloop
endfacet
facet normal 0.26671284 0.96377605 0
    outer loop
        vertex 4.209128 13.875634 2
        vertex 4.209128 13.875634 0
        vertex 3.5232127 14.065453 2
    endloop
endfacet
facet normal 0.21910249 0.97570181 0
    outer loop
        vertex 3.5232127 14.065453 2
        vertex 3.5232127 14.065453 0
        vertex 2.8288097 14.221387 2
    endloop
endfacet
facet normal 0.17096165 0.98527765 0
    outer loop
        vertex 2.8288097 14.221387 2
        vertex 2.8288097 14.221387 0
        vertex 2.127592 14.34306 2
    endloop
endfacet
facet normal 0.17096165 0.98527765 0
    outer loop
        vertex 2.127592 14.34306 2
        vertex 2.8288097 14.221387 0
        vertex 2.127592 14.34306 0
    endloop
endfacet
facet normal 0.1224106 0.99247956 0
    outer loop
        vertex 1.4212486 14.430179 2
        vertex 2.127592 14.34306 0
        vertex 1.4212486 14.430179 0
    endloop
endfacet
facet normal 0.07356483 0.99729055 0
    outer loop
        vertex 0.7114813 14.482534 2
        vertex 1.4212486 14.430179 0
        vertex 0.7114813 14.482534 0
    endloop
endfacet
facet normal 0.02454082 0.99969888 -0
    outer loop
        vertex 0.0000000000000008878689 14.5 2
        vertex 0.7114813 14.482534 0
        vertex -0.0000000000000026636067 14.5 0
    endloop
endfacet
facet normal -0.02454082 0.99969888 0
    outer loop
        vertex -0.7114813 14.482534 2
        vertex -0.0000000000000026636067 14.5 0
        vertex -0.7114813 14.482534 0
    endloop
endfacet
facet normal -0.07356483 0.99729055 0
    outer loop
        vertex -1.4212486 14.430179 2
        vertex -0.7114813 14.482534 0
        vertex -1.4212486 14.430179 0
    endloop
endfacet
facet normal -0.1224106 0.99247956 0
    outer loop
        vertex -2.127592 14.34306 2
        vertex -1.4212486 14.430179 2
        vertex -1.4212486 14.430179 0
    endloop
endfacet
facet normal -0.17096165 0.98527765 0
    outer loop
        vertex -2.8288097 14.221387 2
        vertex -2.127592 14.34306 2
        vertex -2.127592 14.34306 0
    endloop
endfacet
facet normal -0.21910249 0.97570181 0
    outer loop
        vertex -3.5232127 14.065453 2
        vertex -2.8288097 14.221387 2
        vertex -2.8288097 14.221387 0
    endloop
endfacet
facet normal -0.26671284 0.96377605 0
    outer loop
        vertex -4.209128 13.875634 2
        vertex -3.5232127 14.065453 2
        vertex -3.5232127 14.065453 0
    endloop
endfacet
facet normal -0.31368136 0.94952828 0
    outer loop
        vertex -4.884903 13.652389 2
        vertex -4.209128 13.875634 2
        vertex -4.209128 13.875634 0
    endloop
endfacet
facet normal -0.31368136 0.94952828 0
    outer loop
        vertex -4.884903 13.652389 0
        vertex -4.884903 13.652389 2
        vertex -4.209128 13.875634 0
    endloop
endfacet
facet normal -0.35989538 0.93299264 0
    outer loop
        vertex -5.5489097 13.396253 0
        vertex -5.5489097 13.396253 2
        vertex -4.884903 13.652389 0
    endloop
endfacet
facet normal -0.40524113 0.9142099 0
    outer loop
        vertex -6.1995487 13.107844 0
        vertex -6.1995487 13.107844 2
        vertex -5.5489097 13.396253 0
    endloop
endfacet
facet normal -0.44961143 0.89322436 0
    outer loop
        vertex -6.8352523 12.787858 0
        vertex -6.8352523 12.787858 2
        vertex -6.1995487 13.107844 0
    endloop
endfacet
facet normal -0.49289736 0.87008744 0
    outer loop
        vertex -7.4544897 12.437065 0
        vertex -7.4544897 12.437065 2
        vertex -6.8352523 12.787858 0
    endloop
endfacet
facet normal -0.53499776 0.84485346 0
    outer loop
        vertex -7.4544897 12.437065 0
        vertex -8.055768 12.05631 2
        vertex -7.4544897 12.437065 2
    endloop
endfacet
facet normal -0.57580823 0.81758481 0
    outer loop
        vertex -8.055768 12.05631 0
        vertex -8.63764 11.646509 2
        vertex -8.055768 12.05631 2
    endloop
endfacet
facet normal -0.61523151 0.78834647 0
    outer loop
        vertex -8.63764 11.646509 0
        vertex -9.198703 11.208652 2
        vertex -8.63764 11.646509 2
    endloop
endfacet
facet normal -0.65317255 0.75720906 0
    outer loop
        vertex -9.198703 11.208652 0
        vertex -9.737605 10.743792 2
        vertex -9.198703 11.208652 2
    endloop
endfacet
facet normal -0.68954015 0.72424757 0
    outer loop
        vertex -9.737605 10.743792 0
        vertex -10.253049 10.253049 2
        vertex -9.737605 10.743792 2
    endloop
endfacet
facet normal -0.68954015 0.72424757 0
    outer loop
        vertex -9.737605 10.743792 0
        vertex -10.253049 10.253049 0
        vertex -10.253049 10.253049 2
    endloop
endfacet
facet normal -0.72424757 0.68954015 0
    outer loop
        vertex -10.253049 10.253049 0
        vertex -10.743792 9.737605 0
        vertex -10.743792 9.737605 2
    endloop
endfacet
facet normal -0.78834647 0.61523151 0
    outer loop
        vertex -11.208652 9.198703 0
        vertex -11.646509 8.63764 2
        vertex -11.208652 9.198703 2
    endloop
endfacet
facet normal -0.81758481 0.57580823 0
    outer loop
        vertex -12.05631 8.055768 0
        vertex -12.05631 8.055768 2
        vertex -11.646509 8.63764 0
    endloop
endfacet
facet normal -0.87008744 0.49289736 0
    outer loop
        vertex -12.787858 6.8352523 2
        vertex -12.437065 7.4544897 2
        vertex -12.437065 7.4544897 0
    endloop
endfacet
facet normal -0.89322436 0.44961143 0
    outer loop
        vertex -13.107844 6.1995487 2
        vertex -12.787858 6.8352523 0
        vertex -13.107844 6.1995487 0
    endloop
endfacet
facet normal -0.93299264 0.35989538 0
    outer loop
        vertex -13.396253 5.5489097 2
        vertex -13.396253 5.5489097 0
        vertex -13.652389 4.884903 2
    endloop
endfacet
facet normal -0.94952828 0.31368136 0
    outer loop
        vertex -13.652389 4.884903 0
        vertex -13.875634 4.209128 0
        vertex -13.875634 4.209128 2
    endloop
endfacet
facet normal -0.97570181 0.21910249 0
    outer loop
        vertex -14.065453 3.5232127 0
        vertex -14.221387 2.8288097 2
        vertex -14.065453 3.5232127 2
    endloop
endfacet
facet normal -0.98527765 0.17096165 0
    outer loop
        vertex -14.34306 2.127592 0
        vertex -14.34306 2.127592 2
        vertex -14.221387 2.8288097 0
    endloop
endfacet
facet normal -0.99969888 0.02454082 0
    outer loop
        vertex -14.482534 0.7114813 2
        vertex -14.5 -0.0000000000000017757378 0
        vertex -14.5 0.0000000000000017757378 2
    endloop
endfacet
facet normal -0.99729055 0.07356483 0
    outer loop
        vertex -14.430179 1.4212486 0
        vertex -14.482534 0.7114813 2
        vertex -14.430179 1.4212486 2
    endloop
endfacet
facet normal 0.99729055 0.07356483 0
    outer loop
        vertex 14.430179 1.4212486 2
        vertex 14.482534 0.7114813 2
        vertex 14.482534 0.7114813 0
    endloop
endfacet
facet normal -0.70700097 -0.01735555 0.70699966
    outer loop
        vertex -11.536088 -0.56673163 5
        vertex -11.55 0.0000000000000014144671 5
        vertex -12.335123 -0.60598576 4.2
    endloop
endfacet
facet normal -0.70529759 -0.05202737 0.7069996
    outer loop
        vertex -11.494383 -1.1320981 5
        vertex -11.536088 -0.56673163 5
        vertex -12.335123 -0.60598576 4.2
    endloop
endfacet
facet normal -0.70189428 -0.08656944 0.70700085
    outer loop
        vertex -11.424989 -1.694737 5
        vertex -11.494383 -1.1320981 5
        vertex -12.290532 -1.2105117 4.2
    endloop
endfacet
facet normal -0.70189482 -0.0865717 0.70700008
    outer loop
        vertex -12.21633 -1.8121214 4.2
        vertex -11.424989 -1.694737 5
        vertex -12.290532 -1.2105117 4.2
    endloop
endfacet
facet normal -0.69680178 -0.12090582 0.70700002
    outer loop
        vertex -12.112699 -2.4093654 4.2
        vertex -11.328071 -2.2532933 5
        vertex -12.21633 -1.8121214 4.2
    endloop
endfacet
facet normal -0.69002962 -0.15495186 0.70700002
    outer loop
        vertex -12.112699 -2.4093654 4.2
        vertex -11.203861 -2.806421 5
        vertex -11.328071 -2.2532933 5
    endloop
endfacet
facet normal -0.68159527 -0.18862313 0.70700014
    outer loop
        vertex -11.979886 -3.0008051 4.2
        vertex -11.052661 -3.352788 5
        vertex -11.203861 -2.806421 5
    endloop
endfacet
facet normal -0.68159533 -0.1886225 0.70700032
    outer loop
        vertex -11.979886 -3.0008051 4.2
        vertex -11.818213 -3.5850158 4.2
        vertex -11.052661 -3.352788 5
    endloop
endfacet
facet normal -0.67151892 -0.22184061 0.70700008
    outer loop
        vertex -11.818213 -3.5850158 4.2
        vertex -11.628069 -4.1605897 4.2
        vertex -10.874834 -3.8910778 5
    endloop
endfacet
facet normal -0.65982473 -0.25452366 0.70700002
    outer loop
        vertex -10.874834 -3.8910778 5
        vertex -11.628069 -4.1605897 4.2
        vertex -10.670808 -4.4199934 5
    endloop
endfacet
facet normal -0.64654136 -0.28659123 0.70700055
    outer loop
        vertex -10.670808 -4.4199934 5
        vertex -11.409912 -4.7261405 4.2
        vertex -10.441076 -4.938261 5
    endloop
endfacet
facet normal -0.64654124 -0.28659204 0.70700026
    outer loop
        vertex -10.441076 -4.938261 5
        vertex -11.409912 -4.7261405 4.2
        vertex -11.164268 -5.280306 4.2
    endloop
endfacet
facet normal -0.63170016 -0.31797141 0.70700002
    outer loop
        vertex -10.186191 -5.4446325 5
        vertex -11.164268 -5.280306 4.2
        vertex -10.891727 -5.8217497 4.2
    endloop
endfacet
facet normal -0.61533689 -0.34858477 0.70700008
    outer loop
        vertex -9.906765 -5.9378867 5
        vertex -10.186191 -5.4446325 5
        vertex -10.891727 -5.8217497 4.2
    endloop
endfacet
facet normal -0.59749204 -0.37835631 0.70700061
    outer loop
        vertex -9.603475 -6.4168363 5
        vertex -9.906765 -5.9378867 5
        vertex -10.592949 -6.349169 4.2
    endloop
endfacet
facet normal -0.5974918 -0.37835771 0.70700014
    outer loop
        vertex -10.26865 -6.8612924 4.2
        vertex -9.603475 -6.4168363 5
        vertex -10.592949 -6.349169 4.2
    endloop
endfacet
facet normal -0.57820648 -0.40721947 0.70700032
    outer loop
        vertex -9.919613 -7.3568864 4.2
        vertex -9.277046 -6.880327 5
        vertex -10.26865 -6.8612924 4.2
    endloop
endfacet
facet normal -0.55752963 -0.43509907 0.70700037
    outer loop
        vertex -9.919613 -7.3568864 4.2
        vertex -8.928271 -7.3272424 5
        vertex -9.277046 -6.880327 5
    endloop
endfacet
facet normal -0.51219767 -0.4876515 0.70700043
    outer loop
        vertex -9.150746 -8.293754 4.2
        vertex -8.167084 -8.167084 5
        vertex -8.557985 -7.756506 5
    endloop
endfacet
facet normal -0.48765171 -0.51219791 0.70700008
    outer loop
        vertex -8.732769 -8.732769 4.2
        vertex -7.756506 -8.557985 5
        vertex -8.167084 -8.167084 5
    endloop
endfacet
facet normal -0.46193296 -0.53550762 0.70700037
    outer loop
        vertex -8.293754 -9.150746 4.2
        vertex -7.3272424 -8.928271 5
        vertex -7.756506 -8.557985 5
    endloop
endfacet
facet normal -0.43509918 -0.55752981 0.70700002
    outer loop
        vertex -7.834757 -9.5466795 4.2
        vertex -6.880327 -9.277046 5
        vertex -7.3272424 -8.928271 5
    endloop
endfacet
facet normal -0.40722018 -0.578206 0.70700037
    outer loop
        vertex -7.3568864 -9.919613 4.2
        vertex -6.4168363 -9.603475 5
        vertex -6.880327 -9.277046 5
    endloop
endfacet
facet normal -0.37835655 -0.59749246 0.70700002
    outer loop
        vertex -6.8612924 -10.26865 4.2
        vertex -5.9378867 -9.906765 5
        vertex -6.4168363 -9.603475 5
    endloop
endfacet
facet normal -0.34858361 -0.61533761 0.70700002
    outer loop
        vertex -5.8217497 -10.891727 4.2
        vertex -5.4446325 -10.186191 5
        vertex -6.349169 -10.592949 4.2
    endloop
endfacet
facet normal -0.31797126 -0.63169998 0.70700026
    outer loop
        vertex -5.280306 -11.164268 4.2
        vertex -4.938261 -10.441076 5
        vertex -5.8217497 -10.891727 4.2
    endloop
endfacet
facet normal -0.28659192 -0.64654106 0.70700055
    outer loop
        vertex -4.7261405 -11.409912 4.2
        vertex -4.4199934 -10.670808 5
        vertex -5.280306 -11.164268 4.2
    endloop
endfacet
facet normal -0.25452244 -0.65982521 0.70700008
    outer loop
        vertex -4.1605897 -11.628069 4.2
        vertex -3.8910778 -10.874834 5
        vertex -4.7261405 -11.409912 4.2
    endloop
endfacet
facet normal -0.22184052 -0.67151868 0.70700026
    outer loop
        vertex -3.5850158 -11.818213 4.2
        vertex -3.352788 -11.052661 5
        vertex -4.1605897 -11.628069 4.2
    endloop
endfacet
facet normal -0.15495183 -0.69002956 0.70700014
    outer loop
        vertex -2.2532933 -11.328071 5
        vertex -2.806421 -11.203861 5
        vertex -3.0008051 -11.979886 4.2
    endloop
endfacet
facet normal -0.12090582 -0.69680178 0.70700002
    outer loop
        vertex -1.694737 -11.424989 5
        vertex -2.2532933 -11.328071 5
        vertex -2.4093654 -12.112699 4.2
    endloop
endfacet
facet normal -0.08656953 -0.70189506 0.70699996
    outer loop
        vertex -1.1320981 -11.494383 5
        vertex -1.694737 -11.424989 5
        vertex -1.8121214 -12.21633 4.2
    endloop
endfacet
facet normal -0.05202728 -0.70529634 0.70700085
    outer loop
        vertex -0.56673163 -11.536088 5
        vertex -1.1320981 -11.494383 5
        vertex -1.2105117 -12.290532 4.2
    endloop
endfacet
facet normal -0.01735555 -0.70700091 0.7069996
    outer loop
        vertex -0.0000000000000021217004 -11.55 5
        vertex -0.56673163 -11.536088 5
        vertex -0.60598576 -12.335123 4.2
    endloop
endfacet
facet normal 0.0173573 -0.70700085 0.7069996
    outer loop
        vertex 0.56673163 -11.536088 5
        vertex -0.0000000000000022686583 -12.35 4.2
        vertex 0.60598576 -12.335123 4.2
    endloop
endfacet
facet normal 0.05202401 -0.70529664 0.70700079
    outer loop
        vertex 1.1320981 -11.494383 5
        vertex 0.60598576 -12.335123 4.2
        vertex 1.2105117 -12.290532 4.2
    endloop
endfacet
facet normal 0.08657172 -0.70189482 0.70700008
    outer loop
        vertex 1.694737 -11.424989 5
        vertex 1.2105117 -12.290532 4.2
        vertex 1.8121214 -12.21633 4.2
    endloop
endfacet
facet normal 0.12090579 -0.69680178 0.70700002
    outer loop
        vertex 2.2532933 -11.328071 5
        vertex 1.8121214 -12.21633 4.2
        vertex 2.4093654 -12.112699 4.2
    endloop
endfacet
facet normal 0.15495168 -0.69002956 0.70700014
    outer loop
        vertex 2.806421 -11.203861 5
        vertex 2.4093654 -12.112699 4.2
        vertex 3.0008051 -11.979886 4.2
    endloop
endfacet
facet normal 0.18862258 -0.68159527 0.70700032
    outer loop
        vertex 3.352788 -11.052661 5
        vertex 3.0008051 -11.979886 4.2
        vertex 3.5850158 -11.818213 4.2
    endloop
endfacet
facet normal 0.25452366 -0.65982473 0.70700002
    outer loop
        vertex 3.8910778 -10.874834 5
        vertex 4.1605897 -11.628069 4.2
        vertex 4.4199934 -10.670808 5
    endloop
endfacet
facet normal 0.28659123 -0.64654136 0.70700055
    outer loop
        vertex 4.4199934 -10.670808 5
        vertex 4.7261405 -11.409912 4.2
        vertex 4.938261 -10.441076 5
    endloop
endfacet
facet normal 0.31797081 -0.63170028 0.70700032
    outer loop
        vertex 4.938261 -10.441076 5
        vertex 5.280306 -11.164268 4.2
        vertex 5.4446325 -10.186191 5
    endloop
endfacet
facet normal 0.3485848 -0.61533695 0.70700008
    outer loop
        vertex 5.4446325 -10.186191 5
        vertex 5.8217497 -10.891727 4.2
        vertex 5.9378867 -9.906765 5
    endloop
endfacet
facet normal 0.37835631 -0.59749204 0.70700061
    outer loop
        vertex 5.9378867 -9.906765 5
        vertex 6.349169 -10.592949 4.2
        vertex 6.4168363 -9.603475 5
    endloop
endfacet
facet normal 0.40722036 -0.5782063 0.70700008
    outer loop
        vertex 6.4168363 -9.603475 5
        vertex 6.8612924 -10.26865 4.2
        vertex 6.880327 -9.277046 5
    endloop
endfacet
facet normal 0.43509978 -0.55752945 0.70700002
    outer loop
        vertex 7.3568864 -9.919613 4.2
        vertex 7.834757 -9.5466795 4.2
        vertex 7.3272424 -8.928271 5
    endloop
endfacet
facet normal 0.46193227 -0.53550816 0.70700032
    outer loop
        vertex 7.834757 -9.5466795 4.2
        vertex 8.293754 -9.150746 4.2
        vertex 7.756506 -8.557985 5
    endloop
endfacet
facet normal 0.4876523 -0.51219732 0.70700008
    outer loop
        vertex 8.293754 -9.150746 4.2
        vertex 8.732769 -8.732769 4.2
        vertex 8.167084 -8.167084 5
    endloop
endfacet
facet normal 0.51219708 -0.48765209 0.70700037
    outer loop
        vertex 8.732769 -8.732769 4.2
        vertex 9.150746 -8.293754 4.2
        vertex 8.557985 -7.756506 5
    endloop
endfacet
facet normal 0.53550839 -0.46193248 0.70700008
    outer loop
        vertex 9.150746 -8.293754 4.2
        vertex 9.5466795 -7.834757 4.2
        vertex 8.928271 -7.3272424 5
    endloop
endfacet
facet normal 0.55752921 -0.43509963 0.70700037
    outer loop
        vertex 9.5466795 -7.834757 4.2
        vertex 9.919613 -7.3568864 4.2
        vertex 9.277046 -6.880327 5
    endloop
endfacet
facet normal 0.57820672 -0.40721965 0.70700002
    outer loop
        vertex 9.919613 -7.3568864 4.2
        vertex 10.26865 -6.8612924 4.2
        vertex 9.603475 -6.4168363 5
    endloop
endfacet
facet normal 0.61533648 -0.3485845 0.70700049
    outer loop
        vertex 10.592949 -6.349169 4.2
        vertex 10.186191 -5.4446325 5
        vertex 9.906765 -5.9378867 5
    endloop
endfacet
facet normal 0.6317004 -0.31797081 0.70700008
    outer loop
        vertex 10.891727 -5.8217497 4.2
        vertex 10.441076 -4.938261 5
        vertex 10.186191 -5.4446325 5
    endloop
endfacet
facet normal 0.6465416 -0.28659132 0.70700026
    outer loop
        vertex 11.164268 -5.280306 4.2
        vertex 10.670808 -4.4199934 5
        vertex 10.441076 -4.938261 5
    endloop
endfacet
facet normal 0.65982425 -0.25452352 0.70700061
    outer loop
        vertex 11.409912 -4.7261405 4.2
        vertex 10.874834 -3.8910778 5
        vertex 10.670808 -4.4199934 5
    endloop
endfacet
facet normal 0.67151916 -0.22183995 0.70700002
    outer loop
        vertex 11.628069 -4.1605897 4.2
        vertex 11.052661 -3.352788 5
        vertex 10.874834 -3.8910778 5
    endloop
endfacet
facet normal 0.68159509 -0.18862298 0.70700026
    outer loop
        vertex 11.818213 -3.5850158 4.2
        vertex 11.203861 -2.806421 5
        vertex 11.052661 -3.352788 5
    endloop
endfacet
facet normal 0.6900295 -0.15495184 0.70700014
    outer loop
        vertex 11.979886 -3.0008051 4.2
        vertex 11.328071 -2.2532933 5
        vertex 11.203861 -2.806421 5
    endloop
endfacet
facet normal 0.69680178 -0.1209058 0.70700002
    outer loop
        vertex 12.112699 -2.4093654 4.2
        vertex 11.424989 -1.694737 5
        vertex 11.328071 -2.2532933 5
    endloop
endfacet
facet normal 0.70189506 -0.08656951 0.70700002
    outer loop
        vertex 12.21633 -1.8121214 4.2
        vertex 11.494383 -1.1320981 5
        vertex 11.424989 -1.694737 5
    endloop
endfacet
facet normal 0.70700026 -0.01735728 0.70700026
    outer loop
        vertex 11.55 -0 5
        vertex 12.335123 -0.60598576 4.2
        vertex 12.35 -0 4.2
    endloop
endfacet
facet normal 0.70529634 -0.05202728 0.70700079
    outer loop
        vertex 11.494383 -1.1320981 5
        vertex 12.290532 -1.2105117 4.2
        vertex 11.536088 -0.56673163 5
    endloop
endfacet
facet normal 0.70700097 -0.01735555 0.70699966
    outer loop
        vertex 11.536088 -0.56673163 5
        vertex 12.335123 -0.60598576 4.2
        vertex 11.55 -0 5
    endloop
endfacet
facet normal 0.70189399 -0.0865716 0.70700079
    outer loop
        vertex 12.21633 -1.8121214 4.2
        vertex 12.290532 -1.2105117 4.2
        vertex 11.494383 -1.1320981 5
    endloop
endfacet
facet normal 0.69680178 -0.12090582 0.70700002
    outer loop
        vertex 12.112699 -2.4093654 4.2
        vertex 12.21633 -1.8121214 4.2
        vertex 11.424989 -1.694737 5
    endloop
endfacet
facet normal 0.69002968 -0.15495166 0.70700008
    outer loop
        vertex 11.979886 -3.0008051 4.2
        vertex 12.112699 -2.4093654 4.2
        vertex 11.328071 -2.2532933 5
    endloop
endfacet
facet normal 0.6815955 -0.18862255 0.70700014
    outer loop
        vertex 11.818213 -3.5850158 4.2
        vertex 11.979886 -3.0008051 4.2
        vertex 11.203861 -2.806421 5
    endloop
endfacet
facet normal 0.67151868 -0.22184052 0.70700026
    outer loop
        vertex 11.628069 -4.1605897 4.2
        vertex 11.818213 -3.5850158 4.2
        vertex 11.052661 -3.352788 5
    endloop
endfacet
facet normal 0.65982521 -0.25452244 0.70700008
    outer loop
        vertex 11.409912 -4.7261405 4.2
        vertex 11.628069 -4.1605897 4.2
        vertex 10.874834 -3.8910778 5
    endloop
endfacet
facet normal 0.64654106 -0.28659192 0.70700055
    outer loop
        vertex 11.164268 -5.280306 4.2
        vertex 11.409912 -4.7261405 4.2
        vertex 10.670808 -4.4199934 5
    endloop
endfacet
facet normal 0.63169998 -0.31797126 0.70700026
    outer loop
        vertex 10.891727 -5.8217497 4.2
        vertex 11.164268 -5.280306 4.2
        vertex 10.441076 -4.938261 5
    endloop
endfacet
facet normal 0.61533761 -0.34858361 0.70700008
    outer loop
        vertex 10.592949 -6.349169 4.2
        vertex 10.891727 -5.8217497 4.2
        vertex 10.186191 -5.4446325 5
    endloop
endfacet
facet normal 0.59749132 -0.37835741 0.70700055
    outer loop
        vertex 10.26865 -6.8612924 4.2
        vertex 10.592949 -6.349169 4.2
        vertex 9.906765 -5.9378867 5
    endloop
endfacet
facet normal 0.5974924 -0.37835652 0.70700008
    outer loop
        vertex 9.603475 -6.4168363 5
        vertex 10.26865 -6.8612924 4.2
        vertex 9.906765 -5.9378867 5
    endloop
endfacet
facet normal 0.578206 -0.40722016 0.70700032
    outer loop
        vertex 9.277046 -6.880327 5
        vertex 9.919613 -7.3568864 4.2
        vertex 9.603475 -6.4168363 5
    endloop
endfacet
facet normal 0.55752981 -0.43509915 0.70700008
    outer loop
        vertex 8.928271 -7.3272424 5
        vertex 9.5466795 -7.834757 4.2
        vertex 9.277046 -6.880327 5
    endloop
endfacet
facet normal 0.53550768 -0.4619329 0.70700037
    outer loop
        vertex 8.557985 -7.756506 5
        vertex 9.150746 -8.293754 4.2
        vertex 8.928271 -7.3272424 5
    endloop
endfacet
facet normal 0.51219791 -0.48765177 0.70700008
    outer loop
        vertex 8.167084 -8.167084 5
        vertex 8.732769 -8.732769 4.2
        vertex 8.557985 -7.756506 5
    endloop
endfacet
facet normal 0.48765153 -0.51219767 0.70700043
    outer loop
        vertex 7.756506 -8.557985 5
        vertex 8.293754 -9.150746 4.2
        vertex 8.167084 -8.167084 5
    endloop
endfacet
facet normal 0.46193308 -0.53550792 0.70700014
    outer loop
        vertex 7.3272424 -8.928271 5
        vertex 7.834757 -9.5466795 4.2
        vertex 7.756506 -8.557985 5
    endloop
endfacet
facet normal 0.43509904 -0.55752963 0.70700037
    outer loop
        vertex 6.880327 -9.277046 5
        vertex 7.3568864 -9.919613 4.2
        vertex 7.3272424 -8.928271 5
    endloop
endfacet
facet normal 0.40721953 -0.57820648 0.70700032
    outer loop
        vertex 6.880327 -9.277046 5
        vertex 6.8612924 -10.26865 4.2
        vertex 7.3568864 -9.919613 4.2
    endloop
endfacet
facet normal 0.37835765 -0.5974918 0.70700014
    outer loop
        vertex 6.4168363 -9.603475 5
        vertex 6.349169 -10.592949 4.2
        vertex 6.8612924 -10.26865 4.2
    endloop
endfacet
facet normal 0.34858343 -0.61533713 0.70700055
    outer loop
        vertex 5.9378867 -9.906765 5
        vertex 5.8217497 -10.891727 4.2
        vertex 6.349169 -10.592949 4.2
    endloop
endfacet
facet normal 0.31797141 -0.63170016 0.70700002
    outer loop
        vertex 5.4446325 -10.186191 5
        vertex 5.280306 -11.164268 4.2
        vertex 5.8217497 -10.891727 4.2
    endloop
endfacet
facet normal 0.28659204 -0.64654124 0.70700026
    outer loop
        vertex 4.938261 -10.441076 5
        vertex 4.7261405 -11.409912 4.2
        vertex 5.280306 -11.164268 4.2
    endloop
endfacet
facet normal 0.25452226 -0.65982473 0.70700055
    outer loop
        vertex 4.4199934 -10.670808 5
        vertex 4.1605897 -11.628069 4.2
        vertex 4.7261405 -11.409912 4.2
    endloop
endfacet
facet normal 0.22184058 -0.67151898 0.70700008
    outer loop
        vertex 3.8910778 -10.874834 5
        vertex 3.5850158 -11.818213 4.2
        vertex 4.1605897 -11.628069 4.2
    endloop
endfacet
facet normal 0.22183983 -0.67151898 0.70700032
    outer loop
        vertex 3.8910778 -10.874834 5
        vertex 3.352788 -11.052661 5
        vertex 3.5850158 -11.818213 4.2
    endloop
endfacet
facet normal 0.18862309 -0.68159533 0.70700014
    outer loop
        vertex 3.352788 -11.052661 5
        vertex 2.806421 -11.203861 5
        vertex 3.0008051 -11.979886 4.2
    endloop
endfacet
facet normal 0.15495184 -0.69002962 0.70699996
    outer loop
        vertex 2.806421 -11.203861 5
        vertex 2.2532933 -11.328071 5
        vertex 2.4093654 -12.112699 4.2
    endloop
endfacet
facet normal 0.12090582 -0.69680178 0.70699996
    outer loop
        vertex 2.2532933 -11.328071 5
        vertex 1.694737 -11.424989 5
        vertex 1.8121214 -12.21633 4.2
    endloop
endfacet
facet normal 0.08656944 -0.70189428 0.70700085
    outer loop
        vertex 1.694737 -11.424989 5
        vertex 1.1320981 -11.494383 5
        vertex 1.2105117 -12.290532 4.2
    endloop
endfacet
facet normal 0.05202737 -0.70529759 0.7069996
    outer loop
        vertex 1.1320981 -11.494383 5
        vertex 0.56673163 -11.536088 5
        vertex 0.60598576 -12.335123 4.2
    endloop
endfacet
facet normal 0.01735554 -0.70700032 0.70700032
    outer loop
        vertex 0.56673163 -11.536088 5
        vertex -0.0000000000000021217004 -11.55 5
        vertex -0.0000000000000022686583 -12.35 4.2
    endloop
endfacet
facet normal -0.01735729 -0.70700026 0.70700026
    outer loop
        vertex -0.0000000000000022686583 -12.35 4.2
        vertex -0.0000000000000021217004 -11.55 5
        vertex -0.60598576 -12.335123 4.2
    endloop
endfacet
facet normal -0.05202407 -0.70529777 0.7069996
    outer loop
        vertex -0.60598576 -12.335123 4.2
        vertex -0.56673163 -11.536088 5
        vertex -1.2105117 -12.290532 4.2
    endloop
endfacet
facet normal -0.0865716 -0.70189399 0.70700079
    outer loop
        vertex -1.2105117 -12.290532 4.2
        vertex -1.1320981 -11.494383 5
        vertex -1.8121214 -12.21633 4.2
    endloop
endfacet
facet normal -0.12090582 -0.69680178 0.70700008
    outer loop
        vertex -1.8121214 -12.21633 4.2
        vertex -1.694737 -11.424989 5
        vertex -2.4093654 -12.112699 4.2
    endloop
endfacet
facet normal -0.15495166 -0.69002968 0.70700008
    outer loop
        vertex -2.4093654 -12.112699 4.2
        vertex -2.2532933 -11.328071 5
        vertex -3.0008051 -11.979886 4.2
    endloop
endfacet
facet normal -0.18862255 -0.6815955 0.70700014
    outer loop
        vertex -3.0008051 -11.979886 4.2
        vertex -2.806421 -11.203861 5
        vertex -3.5850158 -11.818213 4.2
    endloop
endfacet
facet normal -0.18862298 -0.68159509 0.70700026
    outer loop
        vertex -3.5850158 -11.818213 4.2
        vertex -2.806421 -11.203861 5
        vertex -3.352788 -11.052661 5
    endloop
endfacet
facet normal -0.22183995 -0.67151916 0.70700002
    outer loop
        vertex -4.1605897 -11.628069 4.2
        vertex -3.352788 -11.052661 5
        vertex -3.8910778 -10.874834 5
    endloop
endfacet
facet normal -0.25452352 -0.65982425 0.70700061
    outer loop
        vertex -4.7261405 -11.409912 4.2
        vertex -3.8910778 -10.874834 5
        vertex -4.4199934 -10.670808 5
    endloop
endfacet
facet normal -0.28659132 -0.6465416 0.70700026
    outer loop
        vertex -5.280306 -11.164268 4.2
        vertex -4.4199934 -10.670808 5
        vertex -4.938261 -10.441076 5
    endloop
endfacet
facet normal -0.31797081 -0.6317004 0.70700008
    outer loop
        vertex -5.8217497 -10.891727 4.2
        vertex -4.938261 -10.441076 5
        vertex -5.4446325 -10.186191 5
    endloop
endfacet
facet normal -0.3485845 -0.61533648 0.70700049
    outer loop
        vertex -6.349169 -10.592949 4.2
        vertex -5.4446325 -10.186191 5
        vertex -5.9378867 -9.906765 5
    endloop
endfacet
facet normal -0.37835741 -0.59749132 0.70700055
    outer loop
        vertex -6.8612924 -10.26865 4.2
        vertex -6.349169 -10.592949 4.2
        vertex -5.9378867 -9.906765 5
    endloop
endfacet
facet normal -0.40721965 -0.57820672 0.70700002
    outer loop
        vertex -7.3568864 -9.919613 4.2
        vertex -6.8612924 -10.26865 4.2
        vertex -6.4168363 -9.603475 5
    endloop
endfacet
facet normal -0.43509963 -0.55752921 0.70700037
    outer loop
        vertex -7.834757 -9.5466795 4.2
        vertex -7.3568864 -9.919613 4.2
        vertex -6.880327 -9.277046 5
    endloop
endfacet
facet normal -0.46193248 -0.53550839 0.70700008
    outer loop
        vertex -8.293754 -9.150746 4.2
        vertex -7.834757 -9.5466795 4.2
        vertex -7.3272424 -8.928271 5
    endloop
endfacet
facet normal -0.48765209 -0.51219708 0.70700037
    outer loop
        vertex -8.732769 -8.732769 4.2
        vertex -8.293754 -9.150746 4.2
        vertex -7.756506 -8.557985 5
    endloop
endfacet
facet normal -0.51219732 -0.4876523 0.70700008
    outer loop
        vertex -9.150746 -8.293754 4.2
        vertex -8.732769 -8.732769 4.2
        vertex -8.167084 -8.167084 5
    endloop
endfacet
facet normal -0.53550816 -0.46193227 0.70700032
    outer loop
        vertex -9.5466795 -7.834757 4.2
        vertex -9.150746 -8.293754 4.2
        vertex -8.557985 -7.756506 5
    endloop
endfacet
facet normal -0.53550792 -0.46193308 0.70700014
    outer loop
        vertex -8.928271 -7.3272424 5
        vertex -9.5466795 -7.834757 4.2
        vertex -8.557985 -7.756506 5
    endloop
endfacet
facet normal -0.55752939 -0.43509978 0.70700002
    outer loop
        vertex -8.928271 -7.3272424 5
        vertex -9.919613 -7.3568864 4.2
        vertex -9.5466795 -7.834757 4.2
    endloop
endfacet
facet normal -0.5782063 -0.40722036 0.70700008
    outer loop
        vertex -9.603475 -6.4168363 5
        vertex -10.26865 -6.8612924 4.2
        vertex -9.277046 -6.880327 5
    endloop
endfacet
facet normal -0.61533725 -0.34858343 0.70700055
    outer loop
        vertex -10.891727 -5.8217497 4.2
        vertex -10.592949 -6.349169 4.2
        vertex -9.906765 -5.9378867 5
    endloop
endfacet
facet normal -0.63170028 -0.31797084 0.70700032
    outer loop
        vertex -11.164268 -5.280306 4.2
        vertex -10.186191 -5.4446325 5
        vertex -10.441076 -4.938261 5
    endloop
endfacet
facet normal -0.65982473 -0.25452226 0.70700055
    outer loop
        vertex -11.409912 -4.7261405 4.2
        vertex -10.670808 -4.4199934 5
        vertex -11.628069 -4.1605897 4.2
    endloop
endfacet
facet normal -0.67151898 -0.22183983 0.70700032
    outer loop
        vertex -10.874834 -3.8910778 5
        vertex -11.052661 -3.352788 5
        vertex -11.818213 -3.5850158 4.2
    endloop
endfacet
facet normal -0.69002956 -0.15495168 0.70700014
    outer loop
        vertex -11.203861 -2.806421 5
        vertex -12.112699 -2.4093654 4.2
        vertex -11.979886 -3.0008051 4.2
    endloop
endfacet
facet normal -0.69680178 -0.12090582 0.70699996
    outer loop
        vertex -11.424989 -1.694737 5
        vertex -12.21633 -1.8121214 4.2
        vertex -11.328071 -2.2532933 5
    endloop
endfacet
facet normal -0.70700026 -0.01735729 0.70700026
    outer loop
        vertex -12.335123 -0.60598576 4.2
        vertex -11.55 0.0000000000000014144671 5
        vertex -12.35 0.0000000000000015124387 4.2
    endloop
endfacet
facet normal -0.70529664 -0.05202401 0.70700079
    outer loop
        vertex -11.494383 -1.1320981 5
        vertex -12.335123 -0.60598576 4.2
        vertex -12.290532 -1.2105117 4.2
    endloop
endfacet
facet normal 0.70529777 -0.05202407 0.7069996
    outer loop
        vertex 12.290532 -1.2105117 4.2
        vertex 12.335123 -0.60598576 4.2
        vertex 11.536088 -0.56673163 5
    endloop
endfacet
facet normal -0.99969876 -0.02454321 -0
    outer loop
        vertex -12.335123 -0.60598576 4.2
        vertex -12.35 0.0000000000000015124387 4.2
        vertex -12.335123 -0.60598576 2
    endloop
endfacet
facet normal -0.99729067 -0.073562 0
    outer loop
        vertex -12.290532 -1.2105117 4.2
        vertex -12.335123 -0.60598576 4.2
        vertex -12.335123 -0.60598576 2
    endloop
endfacet
facet normal -0.99247932 -0.12241239 0
    outer loop
        vertex -12.21633 -1.8121214 4.2
        vertex -12.290532 -1.2105117 4.2
        vertex -12.290532 -1.2105117 2
    endloop
endfacet
facet normal -0.99247932 -0.12241239 0
    outer loop
        vertex -12.21633 -1.8121214 2
        vertex -12.21633 -1.8121214 4.2
        vertex -12.290532 -1.2105117 2
    endloop
endfacet
facet normal -0.98527783 -0.17096086 0
    outer loop
        vertex -12.112699 -2.4093654 2
        vertex -12.112699 -2.4093654 4.2
        vertex -12.21633 -1.8121214 2
    endloop
endfacet
facet normal -0.97570211 -0.21910168 0
    outer loop
        vertex -12.112699 -2.4093654 2
        vertex -11.979886 -3.0008051 4.2
        vertex -12.112699 -2.4093654 4.2
    endloop
endfacet
facet normal -0.96377623 -0.26671237 0
    outer loop
        vertex -11.979886 -3.0008051 2
        vertex -11.818213 -3.5850158 4.2
        vertex -11.979886 -3.0008051 4.2
    endloop
endfacet
facet normal -0.96377623 -0.26671237 0
    outer loop
        vertex -11.979886 -3.0008051 2
        vertex -11.818213 -3.5850158 2
        vertex -11.818213 -3.5850158 4.2
    endloop
endfacet
facet normal -0.94952786 -0.31368262 0
    outer loop
        vertex -11.818213 -3.5850158 2
        vertex -11.628069 -4.1605897 2
        vertex -11.628069 -4.1605897 4.2
    endloop
endfacet
facet normal -0.93299294 -0.35989475 -0
    outer loop
        vertex -11.628069 -4.1605897 4.2
        vertex -11.628069 -4.1605897 2
        vertex -11.409912 -4.7261405 4.2
    endloop
endfacet
facet normal -0.91420972 -0.40524128 -0
    outer loop
        vertex -11.409912 -4.7261405 4.2
        vertex -11.409912 -4.7261405 2
        vertex -11.164268 -5.280306 4.2
    endloop
endfacet
facet normal -0.91420972 -0.40524128 -0
    outer loop
        vertex -11.164268 -5.280306 4.2
        vertex -11.409912 -4.7261405 2
        vertex -11.164268 -5.280306 2
    endloop
endfacet
facet normal -0.89322424 -0.4496116 -0
    outer loop
        vertex -10.891727 -5.8217497 4.2
        vertex -11.164268 -5.280306 2
        vertex -10.891727 -5.8217497 2
    endloop
endfacet
facet normal -0.8700875 -0.4928973 0
    outer loop
        vertex -10.592949 -6.349169 4.2
        vertex -10.891727 -5.8217497 4.2
        vertex -10.891727 -5.8217497 2
    endloop
endfacet
facet normal -0.84485346 -0.53499782 0
    outer loop
        vertex -10.26865 -6.8612924 4.2
        vertex -10.592949 -6.349169 4.2
        vertex -10.592949 -6.349169 2
    endloop
endfacet
facet normal -0.84485346 -0.53499782 0
    outer loop
        vertex -10.26865 -6.8612924 2
        vertex -10.26865 -6.8612924 4.2
        vertex -10.592949 -6.349169 2
    endloop
endfacet
facet normal -0.81758446 -0.5758087 0
    outer loop
        vertex -9.919613 -7.3568864 2
        vertex -9.919613 -7.3568864 4.2
        vertex -10.26865 -6.8612924 2
    endloop
endfacet
facet normal -0.78834677 -0.61523122 0
    outer loop
        vertex -9.919613 -7.3568864 2
        vertex -9.5466795 -7.834757 4.2
        vertex -9.919613 -7.3568864 4.2
    endloop
endfacet
facet normal -0.75720906 -0.65317273 0
    outer loop
        vertex -9.5466795 -7.834757 2
        vertex -9.150746 -8.293754 4.2
        vertex -9.5466795 -7.834757 4.2
    endloop
endfacet
facet normal -0.75720906 -0.65317273 0
    outer loop
        vertex -9.5466795 -7.834757 2
        vertex -9.150746 -8.293754 2
        vertex -9.150746 -8.293754 4.2
    endloop
endfacet
facet normal -0.72424716 -0.68954051 0
    outer loop
        vertex -9.150746 -8.293754 2
        vertex -8.732769 -8.732769 2
        vertex -8.732769 -8.732769 4.2
    endloop
endfacet
facet normal -0.68954051 -0.72424716 -0
    outer loop
        vertex -8.732769 -8.732769 4.2
        vertex -8.732769 -8.732769 2
        vertex -8.293754 -9.150746 4.2
    endloop
endfacet
facet normal -0.65317273 -0.75720906 -0
    outer loop
        vertex -8.293754 -9.150746 4.2
        vertex -8.293754 -9.150746 2
        vertex -7.834757 -9.5466795 4.2
    endloop
endfacet
facet normal -0.65317273 -0.75720906 -0
    outer loop
        vertex -7.834757 -9.5466795 4.2
        vertex -8.293754 -9.150746 2
        vertex -7.834757 -9.5466795 2
    endloop
endfacet
facet normal -0.5758087 -0.81758446 -0
    outer loop
        vertex -6.8612924 -10.26865 4.2
        vertex -7.3568864 -9.919613 2
        vertex -6.8612924 -10.26865 2
    endloop
endfacet
facet normal -0.53499782 -0.84485346 -0
    outer loop
        vertex -6.349169 -10.592949 4.2
        vertex -6.8612924 -10.26865 2
        vertex -6.349169 -10.592949 2
    endloop
endfacet
facet normal -0.4928973 -0.8700875 -0
    outer loop
        vertex -5.8217497 -10.891727 4.2
        vertex -6.349169 -10.592949 2
        vertex -5.8217497 -10.891727 2
    endloop
endfacet
facet normal -0.4496116 -0.89322424 -0
    outer loop
        vertex -5.280306 -11.164268 4.2
        vertex -5.8217497 -10.891727 2
        vertex -5.280306 -11.164268 2
    endloop
endfacet
facet normal -0.35989475 -0.93299294 -0
    outer loop
        vertex -4.7261405 -11.409912 4.2
        vertex -4.7261405 -11.409912 2
        vertex -4.1605897 -11.628069 4.2
    endloop
endfacet
facet normal -0.31368262 -0.94952786 -0
    outer loop
        vertex -4.1605897 -11.628069 4.2
        vertex -4.1605897 -11.628069 2
        vertex -3.5850158 -11.818213 4.2
    endloop
endfacet
facet normal -0.26671237 -0.96377623 -0
    outer loop
        vertex -3.5850158 -11.818213 4.2
        vertex -3.5850158 -11.818213 2
        vertex -3.0008051 -11.979886 4.2
    endloop
endfacet
facet normal -0.21910168 -0.97570211 0
    outer loop
        vertex -3.0008051 -11.979886 2
        vertex -2.4093654 -12.112699 2
        vertex -2.4093654 -12.112699 4.2
    endloop
endfacet
facet normal -0.17096086 -0.98527783 0
    outer loop
        vertex -2.4093654 -12.112699 2
        vertex -1.8121214 -12.21633 2
        vertex -1.8121214 -12.21633 4.2
    endloop
endfacet
facet normal -0.12241239 -0.99247932 0
    outer loop
        vertex -1.8121214 -12.21633 2
        vertex -1.2105117 -12.290532 2
        vertex -1.2105117 -12.290532 4.2
    endloop
endfacet
facet normal -0.073562 -0.99729067 0
    outer loop
        vertex -1.2105117 -12.290532 2
        vertex -0.60598576 -12.335123 2
        vertex -0.60598576 -12.335123 4.2
    endloop
endfacet
facet normal 0.02454321 -0.99969876 0
    outer loop
        vertex -0.0000000000000022686583 -12.35 2
        vertex 0.60598576 -12.335123 4.2
        vertex -0.0000000000000022686583 -12.35 4.2
    endloop
endfacet
facet normal 0.073562 -0.99729067 0
    outer loop
        vertex 0.60598576 -12.335123 2
        vertex 1.2105117 -12.290532 4.2
        vertex 0.60598576 -12.335123 4.2
    endloop
endfacet
facet normal 0.12241239 -0.99247932 0
    outer loop
        vertex 1.2105117 -12.290532 2
        vertex 1.8121214 -12.21633 4.2
        vertex 1.2105117 -12.290532 4.2
    endloop
endfacet
facet normal 0.17096086 -0.98527783 0
    outer loop
        vertex 1.8121214 -12.21633 2
        vertex 2.4093654 -12.112699 4.2
        vertex 1.8121214 -12.21633 4.2
    endloop
endfacet
facet normal 0.21910168 -0.97570211 0
    outer loop
        vertex 3.0008051 -11.979886 2
        vertex 3.0008051 -11.979886 4.2
        vertex 2.4093654 -12.112699 2
    endloop
endfacet
facet normal 0.26671237 -0.96377623 0
    outer loop
        vertex 3.5850158 -11.818213 2
        vertex 3.5850158 -11.818213 4.2
        vertex 3.0008051 -11.979886 2
    endloop
endfacet
facet normal 0.31368262 -0.94952786 0
    outer loop
        vertex 4.1605897 -11.628069 2
        vertex 4.1605897 -11.628069 4.2
        vertex 3.5850158 -11.818213 2
    endloop
endfacet
facet normal 0.40524128 -0.91420972 0
    outer loop
        vertex 5.280306 -11.164268 4.2
        vertex 4.7261405 -11.409912 4.2
        vertex 4.7261405 -11.409912 2
    endloop
endfacet
facet normal 0.4496116 -0.89322424 0
    outer loop
        vertex 5.8217497 -10.891727 4.2
        vertex 5.280306 -11.164268 4.2
        vertex 5.280306 -11.164268 2
    endloop
endfacet
facet normal 0.4928973 -0.8700875 0
    outer loop
        vertex 6.349169 -10.592949 4.2
        vertex 5.8217497 -10.891727 4.2
        vertex 5.8217497 -10.891727 2
    endloop
endfacet
facet normal 0.53499782 -0.84485346 0
    outer loop
        vertex 6.8612924 -10.26865 4.2
        vertex 6.349169 -10.592949 4.2
        vertex 6.349169 -10.592949 2
    endloop
endfacet
facet normal 0.5758087 -0.81758446 0
    outer loop
        vertex 7.3568864 -9.919613 4.2
        vertex 6.8612924 -10.26865 4.2
        vertex 6.8612924 -10.26865 2
    endloop
endfacet
facet normal 0.61523122 -0.78834677 0
    outer loop
        vertex 7.834757 -9.5466795 4.2
        vertex 7.3568864 -9.919613 2
        vertex 7.834757 -9.5466795 2
    endloop
endfacet
facet normal 0.65317273 -0.75720906 0
    outer loop
        vertex 8.293754 -9.150746 4.2
        vertex 7.834757 -9.5466795 2
        vertex 8.293754 -9.150746 2
    endloop
endfacet
facet normal 0.68954051 -0.72424716 0
    outer loop
        vertex 8.732769 -8.732769 4.2
        vertex 8.293754 -9.150746 2
        vertex 8.732769 -8.732769 2
    endloop
endfacet
facet normal 0.72424716 -0.68954051 0
    outer loop
        vertex 9.150746 -8.293754 4.2
        vertex 8.732769 -8.732769 2
        vertex 9.150746 -8.293754 2
    endloop
endfacet
facet normal 0.78834677 -0.61523122 0
    outer loop
        vertex 9.5466795 -7.834757 4.2
        vertex 9.5466795 -7.834757 2
        vertex 9.919613 -7.3568864 4.2
    endloop
endfacet
facet normal 0.81758446 -0.5758087 0
    outer loop
        vertex 9.919613 -7.3568864 4.2
        vertex 9.919613 -7.3568864 2
        vertex 10.26865 -6.8612924 4.2
    endloop
endfacet
facet normal 0.84485346 -0.53499782 0
    outer loop
        vertex 10.26865 -6.8612924 4.2
        vertex 10.26865 -6.8612924 2
        vertex 10.592949 -6.349169 4.2
    endloop
endfacet
facet normal 0.8700875 -0.4928973 0
    outer loop
        vertex 10.592949 -6.349169 4.2
        vertex 10.592949 -6.349169 2
        vertex 10.891727 -5.8217497 4.2
    endloop
endfacet
facet normal 0.89322424 -0.4496116 0
    outer loop
        vertex 10.891727 -5.8217497 4.2
        vertex 10.891727 -5.8217497 2
        vertex 11.164268 -5.280306 4.2
    endloop
endfacet
facet normal 0.91420972 -0.40524128 0
    outer loop
        vertex 11.164268 -5.280306 4.2
        vertex 11.164268 -5.280306 2
        vertex 11.409912 -4.7261405 4.2
    endloop
endfacet
facet normal 0.93299294 -0.35989475 0
    outer loop
        vertex 11.409912 -4.7261405 2
        vertex 11.628069 -4.1605897 2
        vertex 11.628069 -4.1605897 4.2
    endloop
endfacet
facet normal 0.94952786 -0.31368262 0
    outer loop
        vertex 11.628069 -4.1605897 2
        vertex 11.818213 -3.5850158 2
        vertex 11.818213 -3.5850158 4.2
    endloop
endfacet
facet normal 0.96377623 -0.26671237 0
    outer loop
        vertex 11.818213 -3.5850158 2
        vertex 11.979886 -3.0008051 2
        vertex 11.979886 -3.0008051 4.2
    endloop
endfacet
facet normal 0.97570211 -0.21910168 0
    outer loop
        vertex 11.979886 -3.0008051 2
        vertex 12.112699 -2.4093654 2
        vertex 12.112699 -2.4093654 4.2
    endloop
endfacet
facet normal 0.98527783 -0.17096086 0
    outer loop
        vertex 12.112699 -2.4093654 2
        vertex 12.21633 -1.8121214 2
        vertex 12.21633 -1.8121214 4.2
    endloop
endfacet
facet normal 0.99969876 -0.02454321 0
    outer loop
        vertex 12.35 -0 4.2
        vertex 12.335123 -0.60598576 2
        vertex 12.35 -0 2
    endloop
endfacet
facet normal 0.99247932 -0.12241239 0
    outer loop
        vertex 12.290532 -1.2105117 4.2
        vertex 12.21633 -1.8121214 2
        vertex 12.290532 -1.2105117 2
    endloop
endfacet
facet normal 0.99969876 -0.02454321 0
    outer loop
        vertex 12.335123 -0.60598576 4.2
        vertex 12.335123 -0.60598576 2
        vertex 12.35 -0 4.2
    endloop
endfacet
facet normal 0.99729067 -0.073562 0
    outer loop
        vertex 12.290532 -1.2105117 4.2
        vertex 12.290532 -1.2105117 2
        vertex 12.335123 -0.60598576 4.2
    endloop
endfacet
facet normal 0.99247932 -0.12241239 0
    outer loop
        vertex 12.21633 -1.8121214 4.2
        vertex 12.21633 -1.8121214 2
        vertex 12.290532 -1.2105117 4.2
    endloop
endfacet
facet normal 0.98527783 -0.17096086 0
    outer loop
        vertex 12.112699 -2.4093654 4.2
        vertex 12.112699 -2.4093654 2
        vertex 12.21633 -1.8121214 4.2
    endloop
endfacet
facet normal 0.97570211 -0.21910168 0
    outer loop
        vertex 11.979886 -3.0008051 4.2
        vertex 11.979886 -3.0008051 2
        vertex 12.112699 -2.4093654 4.2
    endloop
endfacet
facet normal 0.96377623 -0.26671237 0
    outer loop
        vertex 11.818213 -3.5850158 4.2
        vertex 11.818213 -3.5850158 2
        vertex 11.979886 -3.0008051 4.2
    endloop
endfacet
facet normal 0.94952786 -0.31368262 0
    outer loop
        vertex 11.628069 -4.1605897 4.2
        vertex 11.628069 -4.1605897 2
        vertex 11.818213 -3.5850158 4.2
    endloop
endfacet
facet normal 0.93299294 -0.35989475 0
    outer loop
        vertex 11.409912 -4.7261405 4.2
        vertex 11.409912 -4.7261405 2
        vertex 11.628069 -4.1605897 4.2
    endloop
endfacet
facet normal 0.91420972 -0.40524128 0
    outer loop
        vertex 11.409912 -4.7261405 4.2
        vertex 11.164268 -5.280306 2
        vertex 11.409912 -4.7261405 2
    endloop
endfacet
facet normal 0.89322424 -0.4496116 0
    outer loop
        vertex 11.164268 -5.280306 4.2
        vertex 10.891727 -5.8217497 2
        vertex 11.164268 -5.280306 2
    endloop
endfacet
facet normal 0.8700875 -0.4928973 0
    outer loop
        vertex 10.891727 -5.8217497 4.2
        vertex 10.592949 -6.349169 2
        vertex 10.891727 -5.8217497 2
    endloop
endfacet
facet normal 0.84485346 -0.53499782 0
    outer loop
        vertex 10.592949 -6.349169 4.2
        vertex 10.26865 -6.8612924 2
        vertex 10.592949 -6.349169 2
    endloop
endfacet
facet normal 0.81758446 -0.5758087 0
    outer loop
        vertex 10.26865 -6.8612924 4.2
        vertex 9.919613 -7.3568864 2
        vertex 10.26865 -6.8612924 2
    endloop
endfacet
facet normal 0.78834677 -0.61523122 0
    outer loop
        vertex 9.919613 -7.3568864 4.2
        vertex 9.5466795 -7.834757 2
        vertex 9.919613 -7.3568864 2
    endloop
endfacet
facet normal 0.75720906 -0.65317273 0
    outer loop
        vertex 9.5466795 -7.834757 4.2
        vertex 9.150746 -8.293754 2
        vertex 9.5466795 -7.834757 2
    endloop
endfacet
facet normal 0.75720906 -0.65317273 0
    outer loop
        vertex 9.5466795 -7.834757 4.2
        vertex 9.150746 -8.293754 4.2
        vertex 9.150746 -8.293754 2
    endloop
endfacet
facet normal 0.72424716 -0.68954051 0
    outer loop
        vertex 9.150746 -8.293754 4.2
        vertex 8.732769 -8.732769 4.2
        vertex 8.732769 -8.732769 2
    endloop
endfacet
facet normal 0.68954051 -0.72424716 0
    outer loop
        vertex 8.732769 -8.732769 4.2
        vertex 8.293754 -9.150746 4.2
        vertex 8.293754 -9.150746 2
    endloop
endfacet
facet normal 0.65317273 -0.75720906 0
    outer loop
        vertex 8.293754 -9.150746 4.2
        vertex 7.834757 -9.5466795 4.2
        vertex 7.834757 -9.5466795 2
    endloop
endfacet
facet normal 0.61523122 -0.78834677 0
    outer loop
        vertex 7.834757 -9.5466795 4.2
        vertex 7.3568864 -9.919613 4.2
        vertex 7.3568864 -9.919613 2
    endloop
endfacet
facet normal 0.5758087 -0.81758446 0
    outer loop
        vertex 7.3568864 -9.919613 2
        vertex 7.3568864 -9.919613 4.2
        vertex 6.8612924 -10.26865 2
    endloop
endfacet
facet normal 0.53499782 -0.84485346 0
    outer loop
        vertex 6.8612924 -10.26865 2
        vertex 6.8612924 -10.26865 4.2
        vertex 6.349169 -10.592949 2
    endloop
endfacet
facet normal 0.4928973 -0.8700875 0
    outer loop
        vertex 6.349169 -10.592949 2
        vertex 6.349169 -10.592949 4.2
        vertex 5.8217497 -10.891727 2
    endloop
endfacet
facet normal 0.4496116 -0.89322424 0
    outer loop
        vertex 5.8217497 -10.891727 2
        vertex 5.8217497 -10.891727 4.2
        vertex 5.280306 -11.164268 2
    endloop
endfacet
facet normal 0.40524128 -0.91420972 0
    outer loop
        vertex 5.280306 -11.164268 2
        vertex 5.280306 -11.164268 4.2
        vertex 4.7261405 -11.409912 2
    endloop
endfacet
facet normal 0.35989475 -0.93299294 0
    outer loop
        vertex 4.7261405 -11.409912 2
        vertex 4.7261405 -11.409912 4.2
        vertex 4.1605897 -11.628069 2
    endloop
endfacet
facet normal 0.35989475 -0.93299294 0
    outer loop
        vertex 4.1605897 -11.628069 2
        vertex 4.7261405 -11.409912 4.2
        vertex 4.1605897 -11.628069 4.2
    endloop
endfacet
facet normal 0.31368262 -0.94952786 0
    outer loop
        vertex 3.5850158 -11.818213 2
        vertex 4.1605897 -11.628069 4.2
        vertex 3.5850158 -11.818213 4.2
    endloop
endfacet
facet normal 0.26671237 -0.96377623 0
    outer loop
        vertex 3.0008051 -11.979886 2
        vertex 3.5850158 -11.818213 4.2
        vertex 3.0008051 -11.979886 4.2
    endloop
endfacet
facet normal 0.21910168 -0.97570211 0
    outer loop
        vertex 2.4093654 -12.112699 2
        vertex 3.0008051 -11.979886 4.2
        vertex 2.4093654 -12.112699 4.2
    endloop
endfacet
facet normal 0.17096086 -0.98527783 0
    outer loop
        vertex 1.8121214 -12.21633 2
        vertex 2.4093654 -12.112699 2
        vertex 2.4093654 -12.112699 4.2
    endloop
endfacet
facet normal 0.12241239 -0.99247932 0
    outer loop
        vertex 1.2105117 -12.290532 2
        vertex 1.8121214 -12.21633 2
        vertex 1.8121214 -12.21633 4.2
    endloop
endfacet
facet normal 0.073562 -0.99729067 0
    outer loop
        vertex 0.60598576 -12.335123 2
        vertex 1.2105117 -12.290532 2
        vertex 1.2105117 -12.290532 4.2
    endloop
endfacet
facet normal 0.02454321 -0.99969876 0
    outer loop
        vertex -0.0000000000000022686583 -12.35 2
        vertex 0.60598576 -12.335123 2
        vertex 0.60598576 -12.335123 4.2
    endloop
endfacet
facet normal -0.02454321 -0.99969876 0
    outer loop
        vertex -0.60598576 -12.335123 2
        vertex -0.0000000000000022686583 -12.35 2
        vertex -0.0000000000000022686583 -12.35 4.2
    endloop
endfacet
facet normal -0.02454321 -0.99969876 -0
    outer loop
        vertex -0.60598576 -12.335123 4.2
        vertex -0.60598576 -12.335123 2
        vertex -0.0000000000000022686583 -12.35 4.2
    endloop
endfacet
facet normal -0.073562 -0.99729067 -0
    outer loop
        vertex -1.2105117 -12.290532 4.2
        vertex -1.2105117 -12.290532 2
        vertex -0.60598576 -12.335123 4.2
    endloop
endfacet
facet normal -0.12241239 -0.99247932 -0
    outer loop
        vertex -1.8121214 -12.21633 4.2
        vertex -1.8121214 -12.21633 2
        vertex -1.2105117 -12.290532 4.2
    endloop
endfacet
facet normal -0.17096086 -0.98527783 -0
    outer loop
        vertex -2.4093654 -12.112699 4.2
        vertex -2.4093654 -12.112699 2
        vertex -1.8121214 -12.21633 4.2
    endloop
endfacet
facet normal -0.21910168 -0.97570211 -0
    outer loop
        vertex -3.0008051 -11.979886 4.2
        vertex -3.0008051 -11.979886 2
        vertex -2.4093654 -12.112699 4.2
    endloop
endfacet
facet normal -0.26671237 -0.96377623 -0
    outer loop
        vertex -3.0008051 -11.979886 4.2
        vertex -3.5850158 -11.818213 2
        vertex -3.0008051 -11.979886 2
    endloop
endfacet
facet normal -0.31368262 -0.94952786 -0
    outer loop
        vertex -3.5850158 -11.818213 4.2
        vertex -4.1605897 -11.628069 2
        vertex -3.5850158 -11.818213 2
    endloop
endfacet
facet normal -0.35989475 -0.93299294 -0
    outer loop
        vertex -4.1605897 -11.628069 4.2
        vertex -4.7261405 -11.409912 2
        vertex -4.1605897 -11.628069 2
    endloop
endfacet
facet normal -0.40524128 -0.91420972 -0
    outer loop
        vertex -4.7261405 -11.409912 4.2
        vertex -5.280306 -11.164268 2
        vertex -4.7261405 -11.409912 2
    endloop
endfacet
facet normal -0.40524128 -0.91420972 0
    outer loop
        vertex -4.7261405 -11.409912 4.2
        vertex -5.280306 -11.164268 4.2
        vertex -5.280306 -11.164268 2
    endloop
endfacet
facet normal -0.4496116 -0.89322424 0
    outer loop
        vertex -5.280306 -11.164268 4.2
        vertex -5.8217497 -10.891727 4.2
        vertex -5.8217497 -10.891727 2
    endloop
endfacet
facet normal -0.4928973 -0.8700875 0
    outer loop
        vertex -5.8217497 -10.891727 4.2
        vertex -6.349169 -10.592949 4.2
        vertex -6.349169 -10.592949 2
    endloop
endfacet
facet normal -0.53499782 -0.84485346 0
    outer loop
        vertex -6.349169 -10.592949 4.2
        vertex -6.8612924 -10.26865 4.2
        vertex -6.8612924 -10.26865 2
    endloop
endfacet
facet normal -0.5758087 -0.81758446 0
    outer loop
        vertex -6.8612924 -10.26865 4.2
        vertex -7.3568864 -9.919613 4.2
        vertex -7.3568864 -9.919613 2
    endloop
endfacet
facet normal -0.61523122 -0.78834677 0
    outer loop
        vertex -7.3568864 -9.919613 2
        vertex -7.3568864 -9.919613 4.2
        vertex -7.834757 -9.5466795 2
    endloop
endfacet
facet normal -0.61523122 -0.78834677 0
    outer loop
        vertex -7.834757 -9.5466795 2
        vertex -7.3568864 -9.919613 4.2
        vertex -7.834757 -9.5466795 4.2
    endloop
endfacet
facet normal -0.68954051 -0.72424716 0
    outer loop
        vertex -8.293754 -9.150746 2
        vertex -8.293754 -9.150746 4.2
        vertex -8.732769 -8.732769 2
    endloop
endfacet
facet normal -0.72424716 -0.68954051 0
    outer loop
        vertex -8.732769 -8.732769 4.2
        vertex -9.150746 -8.293754 4.2
        vertex -9.150746 -8.293754 2
    endloop
endfacet
facet normal -0.78834677 -0.61523122 -0
    outer loop
        vertex -9.5466795 -7.834757 4.2
        vertex -9.919613 -7.3568864 2
        vertex -9.5466795 -7.834757 2
    endloop
endfacet
facet normal -0.81758446 -0.5758087 -0
    outer loop
        vertex -10.26865 -6.8612924 4.2
        vertex -10.26865 -6.8612924 2
        vertex -9.919613 -7.3568864 4.2
    endloop
endfacet
facet normal -0.8700875 -0.4928973 0
    outer loop
        vertex -10.891727 -5.8217497 2
        vertex -10.592949 -6.349169 2
        vertex -10.592949 -6.349169 4.2
    endloop
endfacet
facet normal -0.89322424 -0.4496116 0
    outer loop
        vertex -11.164268 -5.280306 2
        vertex -10.891727 -5.8217497 4.2
        vertex -11.164268 -5.280306 4.2
    endloop
endfacet
facet normal -0.93299294 -0.35989475 0
    outer loop
        vertex -11.409912 -4.7261405 2
        vertex -11.409912 -4.7261405 4.2
        vertex -11.628069 -4.1605897 2
    endloop
endfacet
facet normal -0.94952786 -0.31368262 0
    outer loop
        vertex -11.628069 -4.1605897 4.2
        vertex -11.818213 -3.5850158 4.2
        vertex -11.818213 -3.5850158 2
    endloop
endfacet
facet normal -0.97570211 -0.21910168 -0
    outer loop
        vertex -11.979886 -3.0008051 4.2
        vertex -12.112699 -2.4093654 2
        vertex -11.979886 -3.0008051 2
    endloop
endfacet
facet normal -0.98527783 -0.17096086 -0
    outer loop
        vertex -12.21633 -1.8121214 4.2
        vertex -12.21633 -1.8121214 2
        vertex -12.112699 -2.4093654 4.2
    endloop
endfacet
facet normal -0.99969876 -0.02454321 0
    outer loop
        vertex -12.335123 -0.60598576 2
        vertex -12.35 0.0000000000000015124387 4.2
        vertex -12.35 0.0000000000000015124387 2
    endloop
endfacet
facet normal -0.99729067 -0.073562 -0
    outer loop
        vertex -12.290532 -1.2105117 4.2
        vertex -12.335123 -0.60598576 2
        vertex -12.290532 -1.2105117 2
    endloop
endfacet
facet normal 0.99729067 -0.073562 0
    outer loop
        vertex 12.290532 -1.2105117 2
        vertex 12.335123 -0.60598576 2
        vertex 12.335123 -0.60598576 4.2
    endloop
endfacet
facet normal -0.99969888 -0.02454082 -0
    outer loop
        vertex -14.482534 -0.7114813 2
        vertex -14.5 0.0000000000000017757378 2
        vertex -14.482534 -0.7114813 0
    endloop
endfacet
facet normal -0.99729055 -0.07356483 0
    outer loop
        vertex -14.430179 -1.4212486 2
        vertex -14.482534 -0.7114813 2
        vertex -14.482534 -0.7114813 0
    endloop
endfacet
facet normal -0.99247956 -0.1224106 0
    outer loop
        vertex -14.34306 -2.127592 2
        vertex -14.430179 -1.4212486 2
        vertex -14.430179 -1.4212486 0
    endloop
endfacet
facet normal -0.99247956 -0.1224106 0
    outer loop
        vertex -14.34306 -2.127592 0
        vertex -14.34306 -2.127592 2
        vertex -14.430179 -1.4212486 0
    endloop
endfacet
facet normal -0.98527765 -0.17096165 0
    outer loop
        vertex -14.221387 -2.8288097 0
        vertex -14.221387 -2.8288097 2
        vertex -14.34306 -2.127592 0
    endloop
endfacet
facet normal -0.97570181 -0.21910249 0
    outer loop
        vertex -14.221387 -2.8288097 0
        vertex -14.065453 -3.5232127 2
        vertex -14.221387 -2.8288097 2
    endloop
endfacet
facet normal -0.96377605 -0.26671284 0
    outer loop
        vertex -14.065453 -3.5232127 0
        vertex -13.875634 -4.209128 2
        vertex -14.065453 -3.5232127 2
    endloop
endfacet
facet normal -0.96377605 -0.26671284 0
    outer loop
        vertex -14.065453 -3.5232127 0
        vertex -13.875634 -4.209128 0
        vertex -13.875634 -4.209128 2
    endloop
endfacet
facet normal -0.94952828 -0.31368136 0
    outer loop
        vertex -13.875634 -4.209128 0
        vertex -13.652389 -4.884903 0
        vertex -13.652389 -4.884903 2
    endloop
endfacet
facet normal -0.93299264 -0.35989538 -0
    outer loop
        vertex -13.652389 -4.884903 2
        vertex -13.652389 -4.884903 0
        vertex -13.396253 -5.5489097 2
    endloop
endfacet
facet normal -0.9142099 -0.40524113 -0
    outer loop
        vertex -13.396253 -5.5489097 2
        vertex -13.396253 -5.5489097 0
        vertex -13.107844 -6.1995487 2
    endloop
endfacet
facet normal -0.9142099 -0.40524113 -0
    outer loop
        vertex -13.107844 -6.1995487 2
        vertex -13.396253 -5.5489097 0
        vertex -13.107844 -6.1995487 0
    endloop
endfacet
facet normal -0.89322436 -0.44961143 -0
    outer loop
        vertex -12.787858 -6.8352523 2
        vertex -13.107844 -6.1995487 0
        vertex -12.787858 -6.8352523 0
    endloop
endfacet
facet normal -0.87008744 -0.49289736 0
    outer loop
        vertex -12.437065 -7.4544897 2
        vertex -12.787858 -6.8352523 2
        vertex -12.787858 -6.8352523 0
    endloop
endfacet
facet normal -0.84485346 -0.53499776 0
    outer loop
        vertex -12.05631 -8.055768 2
        vertex -12.437065 -7.4544897 2
        vertex -12.437065 -7.4544897 0
    endloop
endfacet
facet normal -0.84485346 -0.53499776 0
    outer loop
        vertex -12.05631 -8.055768 0
        vertex -12.05631 -8.055768 2
        vertex -12.437065 -7.4544897 0
    endloop
endfacet
facet normal -0.81758481 -0.57580823 0
    outer loop
        vertex -11.646509 -8.63764 0
        vertex -11.646509 -8.63764 2
        vertex -12.05631 -8.055768 0
    endloop
endfacet
facet normal -0.78834647 -0.61523151 0
    outer loop
        vertex -11.646509 -8.63764 0
        vertex -11.208652 -9.198703 2
        vertex -11.646509 -8.63764 2
    endloop
endfacet
facet normal -0.75720906 -0.65317255 0
    outer loop
        vertex -11.208652 -9.198703 0
        vertex -10.743792 -9.737605 2
        vertex -11.208652 -9.198703 2
    endloop
endfacet
facet normal -0.75720906 -0.65317255 0
    outer loop
        vertex -11.208652 -9.198703 0
        vertex -10.743792 -9.737605 0
        vertex -10.743792 -9.737605 2
    endloop
endfacet
facet normal -0.72424757 -0.68954015 0
    outer loop
        vertex -10.743792 -9.737605 0
        vertex -10.253049 -10.253049 0
        vertex -10.253049 -10.253049 2
    endloop
endfacet
facet normal -0.65317255 -0.75720906 -0
    outer loop
        vertex -9.737605 -10.743792 2
        vertex -9.737605 -10.743792 0
        vertex -9.198703 -11.208652 2
    endloop
endfacet
facet normal -0.61523151 -0.78834647 -0
    outer loop
        vertex -9.198703 -11.208652 2
        vertex -9.198703 -11.208652 0
        vertex -8.63764 -11.646509 2
    endloop
endfacet
facet normal -0.57580823 -0.81758481 -0
    outer loop
        vertex -8.63764 -11.646509 2
        vertex -8.63764 -11.646509 0
        vertex -8.055768 -12.05631 2
    endloop
endfacet
facet normal -0.53499776 -0.84485346 -0
    outer loop
        vertex -8.055768 -12.05631 2
        vertex -8.055768 -12.05631 0
        vertex -7.4544897 -12.437065 2
    endloop
endfacet
facet normal -0.49289736 -0.87008744 0
    outer loop
        vertex -7.4544897 -12.437065 0
        vertex -6.8352523 -12.787858 0
        vertex -6.8352523 -12.787858 2
    endloop
endfacet
facet normal -0.44961143 -0.89322436 0
    outer loop
        vertex -6.8352523 -12.787858 0
        vertex -6.1995487 -13.107844 0
        vertex -6.1995487 -13.107844 2
    endloop
endfacet
facet normal -0.40524113 -0.9142099 0
    outer loop
        vertex -6.1995487 -13.107844 0
        vertex -5.5489097 -13.396253 0
        vertex -5.5489097 -13.396253 2
    endloop
endfacet
facet normal -0.35989538 -0.93299264 0
    outer loop
        vertex -5.5489097 -13.396253 0
        vertex -4.884903 -13.652389 0
        vertex -4.884903 -13.652389 2
    endloop
endfacet
facet normal -0.26671284 -0.96377605 0
    outer loop
        vertex -4.209128 -13.875634 0
        vertex -3.5232127 -14.065453 2
        vertex -4.209128 -13.875634 2
    endloop
endfacet
facet normal -0.21910249 -0.97570181 0
    outer loop
        vertex -3.5232127 -14.065453 0
        vertex -2.8288097 -14.221387 2
        vertex -3.5232127 -14.065453 2
    endloop
endfacet
facet normal -0.17096165 -0.98527765 0
    outer loop
        vertex -2.8288097 -14.221387 0
        vertex -2.127592 -14.34306 2
        vertex -2.8288097 -14.221387 2
    endloop
endfacet
facet normal -0.1224106 -0.99247956 0
    outer loop
        vertex -2.127592 -14.34306 0
        vertex -1.4212486 -14.430179 2
        vertex -2.127592 -14.34306 2
    endloop
endfacet
facet normal -0.07356483 -0.99729055 0
    outer loop
        vertex -0.7114813 -14.482534 0
        vertex -0.7114813 -14.482534 2
        vertex -1.4212486 -14.430179 0
    endloop
endfacet
facet normal -0.02454082 -0.99969888 -0
    outer loop
        vertex 0.0000000000000008878689 -14.5 0
        vertex -0.0000000000000026636067 -14.5 2
        vertex -0.7114813 -14.482534 0
    endloop
endfacet
facet normal 0.02454082 -0.99969888 0
    outer loop
        vertex 0.7114813 -14.482534 0
        vertex 0.7114813 -14.482534 2
        vertex 0.0000000000000008878689 -14.5 0
    endloop
endfacet
facet normal 0.07356483 -0.99729055 0
    outer loop
        vertex 1.4212486 -14.430179 0
        vertex 1.4212486 -14.430179 2
        vertex 0.7114813 -14.482534 0
    endloop
endfacet
facet normal 0.1224106 -0.99247956 0
    outer loop
        vertex 2.127592 -14.34306 0
        vertex 2.127592 -14.34306 2
        vertex 1.4212486 -14.430179 0
    endloop
endfacet
facet normal 0.21910249 -0.97570181 0
    outer loop
        vertex 3.5232127 -14.065453 2
        vertex 2.8288097 -14.221387 2
        vertex 2.8288097 -14.221387 0
    endloop
endfacet
facet normal 0.26671284 -0.96377605 0
    outer loop
        vertex 4.209128 -13.875634 2
        vertex 3.5232127 -14.065453 2
        vertex 3.5232127 -14.065453 0
    endloop
endfacet
facet normal 0.31368136 -0.94952828 0
    outer loop
        vertex 4.884903 -13.652389 2
        vertex 4.209128 -13.875634 2
        vertex 4.209128 -13.875634 0
    endloop
endfacet
facet normal 0.35989538 -0.93299264 0
    outer loop
        vertex 5.5489097 -13.396253 2
        vertex 4.884903 -13.652389 2
        vertex 4.884903 -13.652389 0
    endloop
endfacet
facet normal 0.40524113 -0.9142099 0
    outer loop
        vertex 6.1995487 -13.107844 2
        vertex 5.5489097 -13.396253 0
        vertex 6.1995487 -13.107844 0
    endloop
endfacet
facet normal 0.44961143 -0.89322436 0
    outer loop
        vertex 6.8352523 -12.787858 2
        vertex 6.1995487 -13.107844 0
        vertex 6.8352523 -12.787858 0
    endloop
endfacet
facet normal 0.49289736 -0.87008744 0
    outer loop
        vertex 7.4544897 -12.437065 2
        vertex 6.8352523 -12.787858 0
        vertex 7.4544897 -12.437065 0
    endloop
endfacet
facet normal 0.53499776 -0.84485346 0
    outer loop
        vertex 8.055768 -12.05631 2
        vertex 7.4544897 -12.437065 0
        vertex 8.055768 -12.05631 0
    endloop
endfacet
facet normal 0.57580823 -0.81758481 0
    outer loop
        vertex 8.63764 -11.646509 2
        vertex 8.055768 -12.05631 0
        vertex 8.63764 -11.646509 0
    endloop
endfacet
facet normal 0.65317255 -0.75720906 0
    outer loop
        vertex 9.198703 -11.208652 2
        vertex 9.198703 -11.208652 0
        vertex 9.737605 -10.743792 2
    endloop
endfacet
facet normal 0.68954015 -0.72424757 0
    outer loop
        vertex 9.737605 -10.743792 2
        vertex 9.737605 -10.743792 0
        vertex 10.253049 -10.253049 2
    endloop
endfacet
facet normal 0.72424757 -0.68954015 0
    outer loop
        vertex 10.253049 -10.253049 2
        vertex 10.253049 -10.253049 0
        vertex 10.743792 -9.737605 2
    endloop
endfacet
facet normal 0.75720906 -0.65317255 0
    outer loop
        vertex 10.743792 -9.737605 2
        vertex 10.743792 -9.737605 0
        vertex 11.208652 -9.198703 2
    endloop
endfacet
facet normal 0.78834647 -0.61523151 0
    outer loop
        vertex 11.208652 -9.198703 2
        vertex 11.208652 -9.198703 0
        vertex 11.646509 -8.63764 2
    endloop
endfacet
facet normal 0.81758481 -0.57580823 0
    outer loop
        vertex 11.646509 -8.63764 2
        vertex 11.646509 -8.63764 0
        vertex 12.05631 -8.055768 2
    endloop
endfacet
facet normal 0.84485346 -0.53499776 0
    outer loop
        vertex 12.05631 -8.055768 0
        vertex 12.437065 -7.4544897 0
        vertex 12.437065 -7.4544897 2
    endloop
endfacet
facet normal 0.87008744 -0.49289736 0
    outer loop
        vertex 12.437065 -7.4544897 0
        vertex 12.787858 -6.8352523 0
        vertex 12.787858 -6.8352523 2
    endloop
endfacet
facet normal 0.89322436 -0.44961143 0
    outer loop
        vertex 12.787858 -6.8352523 0
        vertex 13.107844 -6.1995487 0
        vertex 13.107844 -6.1995487 2
    endloop
endfacet
facet normal 0.9142099 -0.40524113 0
    outer loop
        vertex 13.107844 -6.1995487 0
        vertex 13.396253 -5.5489097 0
        vertex 13.396253 -5.5489097 2
    endloop
endfacet
facet normal 0.93299264 -0.35989538 0
    outer loop
        vertex 13.396253 -5.5489097 0
        vertex 13.652389 -4.884903 0
        vertex 13.652389 -4.884903 2
    endloop
endfacet
facet normal 0.94952828 -0.31368136 0
    outer loop
        vertex 13.652389 -4.884903 0
        vertex 13.875634 -4.209128 0
        vertex 13.875634 -4.209128 2
    endloop
endfacet
facet normal 0.96377605 -0.26671284 0
    outer loop
        vertex 13.875634 -4.209128 0
        vertex 14.065453 -3.5232127 0
        vertex 14.065453 -3.5232127 2
    endloop
endfacet
facet normal 0.97570181 -0.21910249 0
    outer loop
        vertex 14.065453 -3.5232127 0
        vertex 14.221387 -2.8288097 0
        vertex 14.221387 -2.8288097 2
    endloop
endfacet
facet normal 0.99247956 -0.1224106 0
    outer loop
        vertex 14.34306 -2.127592 0
        vertex 14.430179 -1.4212486 2
        vertex 14.34306 -2.127592 2
    endloop
endfacet
facet normal 0.99969888 -0.02454082 0
    outer loop
        vertex 14.5 -0 2
        vertex 14.482534 -0.7114813 0
        vertex 14.5 -0 0
    endloop
endfacet
facet normal 0.99729055 -0.07356483 0
    outer loop
        vertex 14.430179 -1.4212486 2
        vertex 14.430179 -1.4212486 0
        vertex 14.482534 -0.7114813 2
    endloop
endfacet
facet normal 0.99969888 -0.02454082 0
    outer loop
        vertex 14.482534 -0.7114813 2
        vertex 14.482534 -0.7114813 0
        vertex 14.5 -0 2
    endloop
endfacet
facet normal 0.99247956 -0.1224106 0
    outer loop
        vertex 14.34306 -2.127592 0
        vertex 14.430179 -1.4212486 0
        vertex 14.430179 -1.4212486 2
    endloop
endfacet
facet normal 0.98527765 -0.17096165 0
    outer loop
        vertex 14.221387 -2.8288097 0
        vertex 14.34306 -2.127592 0
        vertex 14.34306 -2.127592 2
    endloop
endfacet
facet normal 0.98527765 -0.17096165 0
    outer loop
        vertex 14.221387 -2.8288097 2
        vertex 14.221387 -2.8288097 0
        vertex 14.34306 -2.127592 2
    endloop
endfacet
facet normal 0.97570181 -0.21910249 0
    outer loop
        vertex 14.065453 -3.5232127 2
        vertex 14.065453 -3.5232127 0
        vertex 14.221387 -2.8288097 2
    endloop
endfacet
facet normal 0.96377605 -0.26671284 0
    outer loop
        vertex 13.875634 -4.209128 2
        vertex 13.875634 -4.209128 0
        vertex 14.065453 -3.5232127 2
    endloop
endfacet
facet normal 0.94952828 -0.31368136 0
    outer loop
        vertex 13.652389 -4.884903 2
        vertex 13.652389 -4.884903 0
        vertex 13.875634 -4.209128 2
    endloop
endfacet
facet normal 0.93299264 -0.35989538 0
    outer loop
        vertex 13.396253 -5.5489097 2
        vertex 13.396253 -5.5489097 0
        vertex 13.652389 -4.884903 2
    endloop
endfacet
facet normal 0.9142099 -0.40524113 0
    outer loop
        vertex 13.107844 -6.1995487 2
        vertex 13.107844 -6.1995487 0
        vertex 13.396253 -5.5489097 2
    endloop
endfacet
facet normal 0.89322436 -0.44961143 0
    outer loop
        vertex 12.787858 -6.8352523 2
        vertex 12.787858 -6.8352523 0
        vertex 13.107844 -6.1995487 2
    endloop
endfacet
facet normal 0.87008744 -0.49289736 0
    outer loop
        vertex 12.437065 -7.4544897 2
        vertex 12.437065 -7.4544897 0
        vertex 12.787858 -6.8352523 2
    endloop
endfacet
facet normal 0.84485346 -0.53499776 0
    outer loop
        vertex 12.05631 -8.055768 2
        vertex 12.05631 -8.055768 0
        vertex 12.437065 -7.4544897 2
    endloop
endfacet
facet normal 0.81758481 -0.57580823 0
    outer loop
        vertex 12.05631 -8.055768 2
        vertex 11.646509 -8.63764 0
        vertex 12.05631 -8.055768 0
    endloop
endfacet
facet normal 0.78834647 -0.61523151 0
    outer loop
        vertex 11.646509 -8.63764 2
        vertex 11.208652 -9.198703 0
        vertex 11.646509 -8.63764 0
    endloop
endfacet
facet normal 0.75720906 -0.65317255 0
    outer loop
        vertex 11.208652 -9.198703 2
        vertex 10.743792 -9.737605 0
        vertex 11.208652 -9.198703 0
    endloop
endfacet
facet normal 0.72424757 -0.68954015 0
    outer loop
        vertex 10.743792 -9.737605 2
        vertex 10.253049 -10.253049 0
        vertex 10.743792 -9.737605 0
    endloop
endfacet
facet normal 0.68954015 -0.72424757 0
    outer loop
        vertex 10.253049 -10.253049 2
        vertex 9.737605 -10.743792 0
        vertex 10.253049 -10.253049 0
    endloop
endfacet
facet normal 0.65317255 -0.75720906 0
    outer loop
        vertex 9.737605 -10.743792 2
        vertex 9.198703 -11.208652 0
        vertex 9.737605 -10.743792 0
    endloop
endfacet
facet normal 0.61523151 -0.78834647 0
    outer loop
        vertex 9.198703 -11.208652 2
        vertex 8.63764 -11.646509 0
        vertex 9.198703 -11.208652 0
    endloop
endfacet
facet normal 0.61523151 -0.78834647 0
    outer loop
        vertex 9.198703 -11.208652 2
        vertex 8.63764 -11.646509 2
        vertex 8.63764 -11.646509 0
    endloop
endfacet
facet normal 0.57580823 -0.81758481 0
    outer loop
        vertex 8.63764 -11.646509 2
        vertex 8.055768 -12.05631 2
        vertex 8.055768 -12.05631 0
    endloop
endfacet
facet normal 0.53499776 -0.84485346 0
    outer loop
        vertex 8.055768 -12.05631 2
        vertex 7.4544897 -12.437065 2
        vertex 7.4544897 -12.437065 0
    endloop
endfacet
facet normal 0.49289736 -0.87008744 0
    outer loop
        vertex 7.4544897 -12.437065 2
        vertex 6.8352523 -12.787858 2
        vertex 6.8352523 -12.787858 0
    endloop
endfacet
facet normal 0.44961143 -0.89322436 0
    outer loop
        vertex 6.8352523 -12.787858 2
        vertex 6.1995487 -13.107844 2
        vertex 6.1995487 -13.107844 0
    endloop
endfacet
facet normal 0.40524113 -0.9142099 0
    outer loop
        vertex 6.1995487 -13.107844 2
        vertex 5.5489097 -13.396253 2
        vertex 5.5489097 -13.396253 0
    endloop
endfacet
facet normal 0.35989538 -0.93299264 0
    outer loop
        vertex 5.5489097 -13.396253 0
        vertex 5.5489097 -13.396253 2
        vertex 4.884903 -13.652389 0
    endloop
endfacet
facet normal 0.31368136 -0.94952828 0
    outer loop
        vertex 4.884903 -13.652389 0
        vertex 4.884903 -13.652389 2
        vertex 4.209128 -13.875634 0
    endloop
endfacet
facet normal 0.26671284 -0.96377605 0
    outer loop
        vertex 4.209128 -13.875634 0
        vertex 4.209128 -13.875634 2
        vertex 3.5232127 -14.065453 0
    endloop
endfacet
facet normal 0.21910249 -0.97570181 0
    outer loop
        vertex 3.5232127 -14.065453 0
        vertex 3.5232127 -14.065453 2
        vertex 2.8288097 -14.221387 0
    endloop
endfacet
facet normal 0.17096165 -0.98527765 0
    outer loop
        vertex 2.8288097 -14.221387 0
        vertex 2.8288097 -14.221387 2
        vertex 2.127592 -14.34306 0
    endloop
endfacet
facet normal 0.17096165 -0.98527765 0
    outer loop
        vertex 2.127592 -14.34306 0
        vertex 2.8288097 -14.221387 2
        vertex 2.127592 -14.34306 2
    endloop
endfacet
facet normal 0.1224106 -0.99247956 0
    outer loop
        vertex 1.4212486 -14.430179 0
        vertex 2.127592 -14.34306 2
        vertex 1.4212486 -14.430179 2
    endloop
endfacet
facet normal 0.07356483 -0.99729055 0
    outer loop
        vertex 0.7114813 -14.482534 0
        vertex 1.4212486 -14.430179 2
        vertex 0.7114813 -14.482534 2
    endloop
endfacet
facet normal 0.02454082 -0.99969888 0
    outer loop
        vertex 0.0000000000000008878689 -14.5 0
        vertex 0.7114813 -14.482534 2
        vertex -0.0000000000000026636067 -14.5 2
    endloop
endfacet
facet normal -0.02454082 -0.99969888 0
    outer loop
        vertex -0.7114813 -14.482534 0
        vertex -0.0000000000000026636067 -14.5 2
        vertex -0.7114813 -14.482534 2
    endloop
endfacet
facet normal -0.07356483 -0.99729055 0
    outer loop
        vertex -1.4212486 -14.430179 0
        vertex -0.7114813 -14.482534 2
        vertex -1.4212486 -14.430179 2
    endloop
endfacet
facet normal -0.1224106 -0.99247956 0
    outer loop
        vertex -2.127592 -14.34306 0
        vertex -1.4212486 -14.430179 0
        vertex -1.4212486 -14.430179 2
    endloop
endfacet
facet normal -0.17096165 -0.98527765 0
    outer loop
        vertex -2.8288097 -14.221387 0
        vertex -2.127592 -14.34306 0
        vertex -2.127592 -14.34306 2
    endloop
endfacet
facet normal -0.21910249 -0.97570181 0
    outer loop
        vertex -3.5232127 -14.065453 0
        vertex -2.8288097 -14.221387 0
        vertex -2.8288097 -14.221387 2
    endloop
endfacet
facet normal -0.26671284 -0.96377605 0
    outer loop
        vertex -4.209128 -13.875634 0
        vertex -3.5232127 -14.065453 0
        vertex -3.5232127 -14.065453 2
    endloop
endfacet
facet normal -0.31368136 -0.94952828 0
    outer loop
        vertex -4.884903 -13.652389 0
        vertex -4.209128 -13.875634 0
        vertex -4.209128 -13.875634 2
    endloop
endfacet
facet normal -0.31368136 -0.94952828 -0
    outer loop
        vertex -4.884903 -13.652389 2
        vertex -4.884903 -13.652389 0
        vertex -4.209128 -13.875634 2
    endloop
endfacet
facet normal -0.35989538 -0.93299264 -0
    outer loop
        vertex -5.5489097 -13.396253 2
        vertex -5.5489097 -13.396253 0
        vertex -4.884903 -13.652389 2
    endloop
endfacet
facet normal -0.40524113 -0.9142099 -0
    outer loop
        vertex -6.1995487 -13.107844 2
        vertex -6.1995487 -13.107844 0
        vertex -5.5489097 -13.396253 2
    endloop
endfacet
facet normal -0.44961143 -0.89322436 -0
    outer loop
        vertex -6.8352523 -12.787858 2
        vertex -6.8352523 -12.787858 0
        vertex -6.1995487 -13.107844 2
    endloop
endfacet
facet normal -0.49289736 -0.87008744 -0
    outer loop
        vertex -7.4544897 -12.437065 2
        vertex -7.4544897 -12.437065 0
        vertex -6.8352523 -12.787858 2
    endloop
endfacet
facet normal -0.53499776 -0.84485346 -0
    outer loop
        vertex -7.4544897 -12.437065 2
        vertex -8.055768 -12.05631 0
        vertex -7.4544897 -12.437065 0
    endloop
endfacet
facet normal -0.57580823 -0.81758481 -0
    outer loop
        vertex -8.055768 -12.05631 2
        vertex -8.63764 -11.646509 0
        vertex -8.055768 -12.05631 0
    endloop
endfacet
facet normal -0.61523151 -0.78834647 -0
    outer loop
        vertex -8.63764 -11.646509 2
        vertex -9.198703 -11.208652 0
        vertex -8.63764 -11.646509 0
    endloop
endfacet
facet normal -0.65317255 -0.75720906 -0
    outer loop
        vertex -9.198703 -11.208652 2
        vertex -9.737605 -10.743792 0
        vertex -9.198703 -11.208652 0
    endloop
endfacet
facet normal -0.68954015 -0.72424757 -0
    outer loop
        vertex -9.737605 -10.743792 2
        vertex -10.253049 -10.253049 0
        vertex -9.737605 -10.743792 0
    endloop
endfacet
facet normal -0.68954015 -0.72424757 0
    outer loop
        vertex -9.737605 -10.743792 2
        vertex -10.253049 -10.253049 2
        vertex -10.253049 -10.253049 0
    endloop
endfacet
facet normal -0.72424757 -0.68954015 0
    outer loop
        vertex -10.253049 -10.253049 2
        vertex -10.743792 -9.737605 2
        vertex -10.743792 -9.737605 0
    endloop
endfacet
facet normal -0.78834647 -0.61523151 -0
    outer loop
        vertex -11.208652 -9.198703 2
        vertex -11.646509 -8.63764 0
        vertex -11.208652 -9.198703 0
    endloop
endfacet
facet normal -0.81758481 -0.57580823 -0
    outer loop
        vertex -12.05631 -8.055768 2
        vertex -12.05631 -8.055768 0
        vertex -11.646509 -8.63764 2
    endloop
endfacet
facet normal -0.87008744 -0.49289736 0
    outer loop
        vertex -12.787858 -6.8352523 0
        vertex -12.437065 -7.4544897 0
        vertex -12.437065 -7.4544897 2
    endloop
endfacet
facet normal -0.89322436 -0.44961143 0
    outer loop
        vertex -13.107844 -6.1995487 0
        vertex -12.787858 -6.8352523 2
        vertex -13.107844 -6.1995487 2
    endloop
endfacet
facet normal -0.93299264 -0.35989538 0
    outer loop
        vertex -13.396253 -5.5489097 0
        vertex -13.396253 -5.5489097 2
        vertex -13.652389 -4.884903 0
    endloop
endfacet
facet normal -0.94952828 -0.31368136 0
    outer loop
        vertex -13.652389 -4.884903 2
        vertex -13.875634 -4.209128 2
        vertex -13.875634 -4.209128 0
    endloop
endfacet
facet normal -0.97570181 -0.21910249 -0
    outer loop
        vertex -14.065453 -3.5232127 2
        vertex -14.221387 -2.8288097 0
        vertex -14.065453 -3.5232127 0
    endloop
endfacet
facet normal -0.98527765 -0.17096165 -0
    outer loop
        vertex -14.34306 -2.127592 2
        vertex -14.34306 -2.127592 0
        vertex -14.221387 -2.8288097 2
    endloop
endfacet
facet normal -0.99969888 -0.02454082 0
    outer loop
        vertex -14.482534 -0.7114813 0
        vertex -14.5 0.0000000000000017757378 2
        vertex -14.5 -0.0000000000000017757378 0
    endloop
endfacet
facet normal -0.99729055 -0.07356483 -0
    outer loop
        vertex -14.430179 -1.4212486 2
        vertex -14.482534 -0.7114813 0
        vertex -14.430179 -1.4212486 0
    endloop
endfacet
facet normal 0.99729055 -0.07356483 0
    outer loop
        vertex 14.430179 -1.4212486 0
        vertex 14.482534 -0.7114813 0
        vertex 14.482534 -0.7114813 2
    endloop
endfacet
endsolid unnamed
